time,theta1,theta2,theta1_dot,theta2_dot,theta1kal,theta2kal,theta1_dotkal,theta2_dotkal
0,0,0,0,0,0,0,0,0
10,0,0,0,0,0,0,0,0
20,0,0,0,0,0,0,0,0
30,0,0,0,0,0,0,0,0
40,0,0,0,0,0,0,0,0
50,0,0,0,0,0,0,0,0
60,0,0,0,0,0,0,0,0
70,0,0,0,0,0,0,0,0
80,0,0,0,0,0,0,0,0
90,0,0,0,0,0,0,0,0
100,0,0,0,0,0,0,0,0
110,0,0,0,0,0,0,0,0
120,0,0,0,0,0,0,0,0
130,0,0,0,0,0,0,0,0
140,0,0,0,0,0,0,0,0
150,0,0,0,0,0,0,0,0
160,0,0,0,0,0,0,0,0
170,0,0,0,0,0,0,0,0
180,0,0,0,0,0,0,0,0
190,0,0,0,0,0,0,0,0
200,0,0,0,0,0,0,0,0
210,0,0,0,0,0,0,0,0
220,0,0,0,0,0,0,0,0
230,0,0,0,0,0,0,0,0
240,0,0,0,0,0,0,0,0
250,0,0,0,0,0,0,0,0
260,0,0,0,0,0,0,0,0
270,0,0,0,0,0,0,0,0
280,0,0,0,0,0,0,0,0
290,0,0,0,0,0,0,0,0
300,0,0,0,0,0,0,0,0
310,0,0,0,0,0,0,0,0
320,0,0,0,0,0,0,0,0
330,0,0,0,0,0,0,0,0
340,0,0,0,0,0,0,0,0
350,0,0,0,0,0,0,0,0
360,0,0,0,0,0,0,0,0
370,0,0,0,0,0,0,0,0
380,0,0,0,0,0,0,0,0
390,0,0,0,0,0,0,0,0
400,0,0,0,0,0,0,0,0
410,0,0,0,0,0,0,0,0
420,0,0,0,0,0,0,0,0
430,0,0,0,0,0,0,0,0
440,0,0,0,0,0,0,0,0
450,0,0,0,0,0,0,0,0
460,0,0,0,0,0,0,0,0
470,0,0,0,0,0,0,0,0
480,0,0,0,0,0,0,0,0
490,0,0,0,0,0,0,0,0
500,0,0,0,0,0,0,0,0
510,0,0,0,0,0,0,0,0
520,0,0,0,0,0,0,0,0
530,0,0,0,0,0,0,0,0
540,0,0,0,0,0,0,0,0
550,0,0,0,0,0,0,0,0
560,0,0,0,0,0,0,0,0
570,0,0,0,0,0,0,0,0
580,0,0,0,0,0,0,0,0
590,0,0,0,0,0,0,0,0
600,0,0,0,0,0,0,0,0
610,0,0,0,0,0,0,0,0
620,0,0,0,0,0,0,0,0
630,0,0,0,0,0,0,0,0
640,0,0,0,0,0,0,0,0
650,0,0,0,0,0,0,0,0
660,0,0,0,0,0,0,0,0
670,0,0,0,0,0,0,0,0
680,0,0,0,0,0,0,0,0
690,0,0,0,0,0,0,0,0
700,0,0,0,0,0,0,0,0
710,0,0,0,0,0,0,0,0
720,0,0,0,0,0,0,0,0
730,0,0,0,0,0,0,0,0
740,0,0,0,0,0,0,0,0
750,0,0,0,0,0,0,0,0
760,0,0,0,0,0,0,0,0
770,0,0,0,0,0,0,0,0
780,0,0,0,0,0,0,0,0
790,0,0,0,0,0,0,0,0
800,0,0,0,0,0,0,0,0
810,0,0,0,0,0,0,0,0
820,0,0,0,0,0,0,0,0
830,0,0,0,0,0,0,0,0
840,0,0,0,0,0,0,0,0
850,0,0,0,0,0,0,0,0
860,0,0,0,0,0,0,0,0
870,0,0,0,0,0,0,0,0
880,0,0,0,0,0,0,0,0
890,0,0,0,0,0,0,0,0
900,0,0,0,0,0,0,0,0
910,0,0,0,0,0,0,0,0
920,0,0,0,0,0,0,0,0
930,0,0,0,0,0,0,0,0
940,0,0,0,0,0,0,0,0
950,0,0,0,0,0,0,0,0
960,0,0,0,0,0,0,0,0
970,0,0,0,0,0,0,0,0
980,0,0,0,0,0,0,0,0
990,0,0,0,0,0,0,0,0
1000,0,0,0,0,0,0,0,0
1010,0,0,0,0,0,0,0,0
1020,0,0,0,0,0,0,0,0
1030,0,0,0,0,0,0,0,0
1040,0,0,0,0,0,0,0,0
1050,0,0,0,0,0,0,0,0
1060,0,0,0,0,0,0,0,0
1070,0,0,0,0,0,0,0,0
1080,0,0,0,0,0,0,0,0
1090,0,0,0,0,0,0,0,0
1100,0,0,0,0,0,0,0,0
1110,0,0,0,0,0,0,0,0
1120,0,0,0,0,0,0,0,0
1130,0,0,0,0,0,0,0,0
1140,0,0,0,0,0,0,0,0
1150,0,0,0,0,0,0,0,0
1160,0,0,0,0,0,0,0,0
1170,0,0,0,0,0,0,0,0
1180,0,0,0,0,0,0,0,0
1190,0,0,0,0,0,0,0,0
1200,0,0,0,0,0,0,0,0
1210,0,0,0,0,0,0,0,0
1220,0,0,0,0,0,0,0,0
1230,0,0,0,0,0,0,0,0
1240,0,0,0,0,0,0,0,0
1250,0,0,0,0,0,0,0,0
1260,0,0,0,0,0,0,0,0
1270,0,0,0,0,0,0,0,0
1280,0,0,0,0,0,0,0,0
1290,0,0,0,0,0,0,0,0
1300,0,0,0,0,0,0,0,0
1310,0,0,0,0,0,0,0,0
1320,0,0,0,0,0,0,0,0
1330,0,0,0,0,0,0,0,0
1340,0,0,0,0,0,0,0,0
1350,0,0,0,0,0,0,0,0
1360,0,0,0,0,0,0,0,0
1370,0,0,0,0,0,0,0,0
1380,0,0,0,0,0,0,0,0
1390,0,0,0,0,0,0,0,0
1400,0,0,0,0,0,0,0,0
1410,0,0,0,0,0,0,0,0
1420,0,0,0,0,0,0,0,0
1430,0,0,0,0,0,0,0,0
1440,0,0,0,0,0,0,0,0
1450,0,0,0,0,0,0,0,0
1460,0,0,0,0,0,0,0,0
1470,0,0,0,0,0,0,0,0
1480,0,0,0,0,0,0,0,0
1490,0,0,0,0,0,0,0,0
1500,0,0,0,0,0,0,0,0
1510,0,0,0,0,0,0,0,0
1520,0,0,0,0,0,0,0,0
1530,0,0,0,0,0,0,0,0
1540,0,0,0,0,0,0,0,0
1550,0,0,0,0,0,0,0,0
1560,0,0,0,0,0,0,0,0
1570,0,0,0,0,0,0,0,0
1580,0,0,0,0,0,0,0,0
1590,0,0,0,0,0,0,0,0
1600,0,0,0,0,0,0,0,0
1610,0,0,0,0,0,0,0,0
1620,0,0,0,0,0,0,0,0
1630,0,0,0,0,0,0,0,0
1640,0,0,0,0,0,0,0,0
1650,0,0,0,0,0,0,0,0
1660,0,0,0,0,0,0,0,0
1670,0,0,0,0,0,0,0,0
1680,0,0,0,0,0,0,0,0
1690,0,0,0,0,0,0,0,0
1700,0,0,0,0,0,0,0,0
1710,0,0,0,0,0,0,0,0
1720,0,0,0,0,0,0,0,0
1730,0,0,0,0,0,0,0,0
1740,0,0,0,0,0,0,0,0
1750,0,0,0,0,0,0,0,0
1760,0,0,0,0,0,0,0,0
1770,0,0,0,0,0,0,0,0
1780,0,0,0,0,0,0,0,0
1790,0,0,0,0,0,0,0,0
1800,0,0,0,0,0,0,0,0
1810,0,0,0,0,0,0,0,0
1820,0,0,0,0,0,0,0,0
1830,0,0,0,0,0,0,0,0
1840,0,0,0,0,0,0,0,0
1850,0,0,0,0,0,0,0,0
1860,0,0,0,0,0,0,0,0
1870,0,0,0,0,0,0,0,0
1880,0,0,0,0,0,0,0,0
1890,0,0,0,0,0,0,0,0
1900,0,0,0,0,0,0,0,0
1910,0,0,0,0,0,0,0,0
1920,0,0,0,0,0,0,0,0
1930,0,0,0,0,0,0,0,0
1940,0,0,0,0,0,0,0,0
1950,0,0,0,0,0,0,0,0
1960,0,0,0,0,0,0,0,0
1970,0,0,0,0,0,0,0,0
1980,0,0,0,0,0,0,0,0
1990,0,0,0,0,0,0,0,0
2000,0,0,0,0,0,0,0,0
2010,0,0,0,0,0,0,0,0
2020,0,0,0,0,0,0,0,0
2030,0,0,0,0,0,0,0,0
2040,0,0,0,0,0,0,0,0
2050,0,0,0,0,0,0,0,0
2060,0,0,0,0,0,0,0,0
2070,0,0,0,0,0,0,0,0
2080,0,0,0,0,0,0,0,0
2090,0,0,0,0,0,0,0,0
2100,0,0,0,0,0,0,0,0
2110,0,0,0,0,0,0,0,0
2120,0,0,0,0,0,0,0,0
2130,0,0,0,0,0,0,0,0
2140,0,0,0,0,0,0,0,0
2150,0,0,0,0,0,0,0,0
2160,0,0,0,0,0,0,0,0
2170,0,0,0,0,0,0,0,0
2180,0,0,0,0,0,0,0,0
2190,0,0,0,0,0,0,0,0
2200,0,0,0,0,0,0,0,0
2210,0,0,0,0,0,0,0,0
2220,0,0,0,0,0,0,0,0
2230,0,0,0,0,0,0,0,0
2240,0,0,0,0,0,0,0,0
2250,0,0,0,0,0,0,0,0
2260,0,0,0,0,0,0,0,0
2270,0,0,0,0,0,0,0,0
2280,0,0,0,0,0,0,0,0
2290,0,0,0,0,0,0,0,0
2300,0,0,0,0,0,0,0,0
2310,0,0,0,0,0,0,0,0
2320,0,0,0,0,0,0,0,0
2330,0,0,0,0,0,0,0,0
2340,0,0,0,0,0,0,0,0
2350,0,0,0,0,0,0,0,0
2360,0,0,0,0,0,0,0,0
2370,0,0,0,0,0,0,0,0
2380,0,0,0,0,0,0,0,0
2390,0,0,0,0,0,0,0,0
2400,0,0,0,0,0,0,0,0
2410,0,0,0,0,0,0,0,0
2420,0,0,0,0,0,0,0,0
2430,0,0,0,0,0,0,0,0
2440,0,0,0,0,0,0,0,0
2450,0,0,0,0,0,0,0,0
2460,0,0,0,0,0,0,0,0
2470,0,0,0,0,0,0,0,0
2480,0,0,0,0,0,0,0,0
2490,0,0,0,0,0,0,0,0
2500,0,0,0,0,0,0,0,0
2510,0,0,0,0,0,0,0,0
2520,0,0,0,0,0,0,0,0
2530,0,0,0,0,0,0,0,0
2540,0,0,0,0,0,0,0,0
2550,0,0,0,0,0,0,0,0
2560,0,0,0,0,0,0,0,0
2570,0,0,0,0,0,0,0,0
2580,0,0,0,0,0,0,0,0
2590,0,0,0,0,0,0,0,0
2600,0,0,0,0,0,0,0,0
2610,0,0,0,0,0,0,0,0
2620,0,0,0,0,0,0,0,0
2630,0,0,0,0,0,0,0,0
2640,0,0,0,0,0,0,0,0
2650,0,0,0,0,0,0,0,0
2660,0,0,0,0,0,0,0,0
2670,0,0,0,0,0,0,0,0
2680,0,0,0,0,0,0,0,0
2690,0,0,0,0,0,0,0,0
2700,0,0,0,0,0,0,0,0
2710,0,0,0,0,0,0,0,0
2720,0,0,0,0,0,0,0,0
2730,0,0,0,0,0,0,0,0
2740,0,0,0,0,0,0,0,0
2750,0,0,0,0,0,0,0,0
2760,0,0,0,0,0,0,0,0
2770,0,0,0,0,0,0,0,0
2780,0,0,0,0,0,0,0,0
2790,0,0,0,0,0,0,0,0
2800,0,0,0,0,0,0,0,0
2810,0,0,0,0,0,0,0,0
2820,0,0,0,0,0,0,0,0
2830,0,0,0,0,0,0,0,0
2840,0,0,0,0,0,0,0,0
2850,0,0,0,0,0,0,0,0
2860,0,0,0,0,0,0,0,0
2870,0,0,0,0,0,0,0,0
2880,0,0,0,0,0,0,0,0
2890,0,0,0,0,0,0,0,0
2900,0,0,0,0,0,0,0,0
2910,0,0,0,0,0,0,0,0
2920,0,0,0,0,0,0,0,0
2930,0,0,0,0,0,0,0,0
2940,0,0,0,0,0,0,0,0
2950,0,0,0,0,0,0,0,0
2960,0,0,0,0,0,0,0,0
2970,0,0,0,0,0,0,0,0
2980,0,0,0,0,0,0,0,0
2990,0,0,0,0,0,0,0,0
3000,0,0,0,0,0,0,0,0
3010,0,0,0,0,0,0,0,0
3020,0,0,0,0,0,0,0,0
3030,0,0,0,0,0,0,0,0
3040,0,0,0,0,0,0,0,0
3050,0,0,0,0,0,0,0,0
3060,0,0,0,0,0,0,0,0
3070,0,0,0,0,0,0,0,0
3080,0,0,0,0,0,0,0,0
3090,0,0,0,0,0,0,0,0
3100,0,0,0,0,0,0,0,0
3110,0,0,0,0,0,0,0,0
3120,0,0,0,0,0,0,0,0
3130,0,0,0,0,0,0,0,0
3140,0.0161429,0,0,0,0,-0.0104774,0,0
3150,-0.0309636,0,0,0,-0.00455032,-0.00332245,2.4611e-06,0.000447944
3160,0.138751,0,0,0,-0.00455032,-0.00332245,2.4611e-06,0.000447944
3170,-0.49614,0.0314159,0.0548311,3.14159,0.0196913,-0.137215,0.0146158,1.2217
3180,-0.548024,0.0471239,0.0548311,1.5708,-0.143985,-0.644592,0.0374852,2.56333
3190,-0.52839,0.0471239,0.0274156,1.5708,-0.143985,-0.644592,0.0374852,2.56333
3200,-0.0358386,0.0314159,-0.0274156,-1.5708,-0.374388,-1.36861,0.0630345,3.96312
3210,-0.125957,0.0471239,-0.0274156,1.5708,-0.275068,-1.0652,0.0847011,2.3767
3220,-2.01424,0.0471239,0.0274156,1.5708,-0.275068,-1.0652,0.0847011,2.3767
3230,-0.12005,0.0471239,0,0,-0.00467944,-0.252274,0.0862821,0.442321
3240,0.176938,0.0471239,0,0,-0.00467944,-0.252274,0.0862821,0.442321
3250,-0.109281,0.015708,-0.0548311,-3.14159,0.217984,0.592913,0.0669424,-1.45915
3260,-0.2409,0.0314159,0.0274156,1.5708,0.409946,1.45909,0.0388864,-3.20303
3270,-0.238831,0.0314159,0.0274156,1.5708,0.409946,1.45909,0.0388864,-3.20303
3280,0.153248,0.015708,0.0274156,-1.5708,0.493752,1.70041,0.0113127,-2.17847
3290,0.281439,0.015708,-0.0274156,-1.5708,0.493752,1.70041,0.0113127,-2.17847
3300,-0.135493,0,-0.0274156,-1.5708,0.47612,1.95628,-0.012094,-3.09942
3310,-3.02883,0,-0.0274156,-1.5708,0.47612,1.95628,-0.012094,-3.09942
3320,0.25707,0.015708,0.0274156,1.5708,0.483761,1.95281,-0.0282152,-1.79546
3330,-0.12961,0,0.0274156,-1.5708,0.424021,2.04549,-0.0421859,-2.75551
3340,-0.96811,0.0471239,-0.0274156,4.71239,0.463983,2.49089,-0.0564895,-3.89058
3350,-0.916886,0.0471239,0.0822467,4.71239,0.463983,2.49089,-0.0564895,-3.89058
3360,0.669732,0.015708,-0.0548311,-3.14159,0.545157,3.11034,-0.0848418,-5.16946
3370,0.741885,0.0314159,-0.0548311,1.5708,0.582434,3.52981,-0.114798,-6.08794
3380,0.613186,0.0314159,0.0274156,1.5708,0.582434,3.52981,-0.114798,-6.08794
3390,0.895979,0.015708,0.0274156,-1.5708,0.588769,3.78614,-0.149649,-6.76342
3400,1.00366,0.0314159,-0.0274156,1.5708,0.543868,3.40392,-0.170599,-4.60245
3410,0.931691,0.0314159,0.0274156,1.5708,0.543868,3.40392,-0.170599,-4.60245
3420,0.890135,0.0314159,0.0274156,0,0.46515,2.84243,-0.170485,-2.34846
3430,0.387308,0.0314159,0,0,0.46515,2.84243,-0.170485,-2.34846
3440,0.391405,0.0471239,0.0274156,1.5708,0.358819,2.12085,-0.149184,-0.0252143
3450,0.476998,0.0314159,0.0274156,-1.5708,0.241831,1.32895,-0.115051,2.18596
3460,-1.43245,0.0314159,-0.0274156,0,0.122605,0.513306,-0.068049,4.25082
3470,-0.000816326,0.0314159,0,0,0.122605,0.513306,-0.068049,4.25082
3480,-0.370334,0.0314159,0,0,0.0376714,-0.106311,-0.0120132,5.8889
3490,-0.0734309,0.0314159,0,0,0.0376714,-0.106311,-0.0120132,5.8889
3500,-1.14665,0.0471239,0,1.5708,-0.0154795,-0.1803,0.0407383,4.72479
3510,-1.19155,0.0471239,0.0274156,1.5708,-0.0154795,-0.1803,0.0407383,4.72479
3520,-0.346455,0.0314159,0.0274156,-1.5708,0.0373048,0.374614,0.0713652,2.71729
3530,0.218949,0.0314159,-0.0274156,-1.5708,0.0373048,0.374614,0.0713652,2.71729
3540,-0.0329222,0.0314159,0,0,0.11773,1.0864,0.0806089,0.591426
3550,0.0680991,0.0628318,0,3.14159,0.177345,1.64051,0.076549,-1.14907
3560,0.84622,0.0628318,0.0548311,0,0.219872,1.71233,0.06906,-0.188226
3570,1.09569,0.0628318,0,0,0.219872,1.71233,0.06906,-0.188226
3580,0.577948,0.0785398,0.0274156,1.5708,0.19441,1.34468,0.0748088,1.39158
3590,0.521032,0.0785398,0.0274156,0,0.158729,0.930123,0.0928355,2.9394
3600,0.789133,0.0785398,0,0,0.158729,0.930123,0.0928355,2.9394
3610,1.05813,0.0942478,0.0274156,1.5708,0.110736,0.449399,0.123945,4.49835
3620,0.0506812,0.0942478,0.0274156,0,0.0485794,-0.10863,0.163717,6.04145
3630,0.178259,0.0942478,0,0,0.0485794,-0.10863,0.163717,6.04145
3640,0.552161,0.125664,0.0548311,3.14159,0.00874152,-0.484483,0.214527,7.19775
3650,0.019953,0.125664,0.0548311,0,-0.0562394,-1.02305,0.268171,8.47372
3660,0.0356991,0.125664,0,0,-0.0562394,-1.02305,0.268171,8.47372
3670,-0.393869,0.125664,0,0,-0.119403,-1.52489,0.324396,9.53964
3680,-0.388876,0.15708,0,3.14159,-0.171202,-1.9237,0.385514,10.335
3690,-0.447017,0.15708,0.0548311,3.14159,-0.171202,-1.9237,0.385514,10.335
3700,-0.447017,0.15708,0.0548311,0,-0.231887,-2.37124,0.444357,11.0732
3710,-1.18526,0.15708,0,0,-0.231887,-2.37124,0.444357,11.0732
3720,-1.64166,0.141372,-0.0274156,-1.5708,-0.274728,-2.31308,0.486744,8.99056
3730,-0.603626,0.15708,-0.0274156,1.5708,-0.256574,-1.81795,0.504188,6.22249
3740,0.325513,0.15708,0.0274156,1.5708,-0.256574,-1.81795,0.504188,6.22249
3750,0.346981,0.172788,0.0274156,1.5708,-0.216535,-1.2026,0.497078,3.39578
3760,0.251426,0.172788,0.0274156,0,-0.185694,-0.714841,0.468655,0.969727
3770,0.354643,0.172788,0,0,-0.185694,-0.714841,0.468655,0.969727
3780,0.49645,0.188496,0.0274156,1.5708,-0.160306,-0.668312,0.437836,1.30703
3790,0.408415,0.204204,0.0274156,1.5708,-0.142694,-0.677639,0.417233,1.78919
3800,0.689369,0.204204,0.0274156,1.5708,-0.142694,-0.677639,0.417233,1.78919
3810,0.388994,0.235619,0.0548311,3.14159,-0.183679,-1.15975,0.414623,3.19275
3820,-0.149922,0.235619,0,0,-0.230971,-1.66056,0.423997,4.53336
3830,-0.0961113,0.251327,0,1.5708,-0.257661,-1.96011,0.44267,5.40876
3840,0.0821092,0.251327,0.0274156,1.5708,-0.257661,-1.96011,0.44267,5.40876
3850,0.217411,0.251327,0.0274156,0,-0.304568,-2.4055,0.467895,6.47773
3860,-0.467524,0.282743,0,3.14159,-0.340935,-2.54699,0.49584,5.9376
3870,-0.063141,0.282743,0.0548312,3.14159,-0.340935,-2.54699,0.49584,5.9376
3880,-0.632926,0.314159,0.0548312,3.14159,-0.349111,-2.65176,0.52141,6.29103
3890,-0.242333,0.314159,0.0548311,3.14159,-0.349111,-2.65176,0.52141,6.29103
3900,-0.207429,0.314159,0,0,-0.352489,-2.35718,0.534819,4.08709
3910,-0.384344,0.329867,0,1.5708,-0.335184,-1.93313,0.527918,1.74772
3920,-0.3037,0.329867,0.0274156,0,-0.303937,-1.43878,0.500936,-0.595734
3930,-0.172541,0.329867,0,0,-0.303937,-1.43878,0.500936,-0.595734
3940,-0.271471,0.314159,-0.0274156,-1.5708,-0.278207,-1.04113,0.457621,-2.59782
3950,-0.294128,0.314159,-0.0274156,0,-0.240758,-0.587694,0.402929,-4.54207
3960,-0.300493,0.314159,0,0,-0.240758,-0.587694,0.402929,-4.54207
3970,0.137745,0.314159,0,0,-0.190662,-0.0698527,0.338665,-6.43416
3980,-0.121133,0.298451,0,-1.57079,-0.147116,0.347973,0.267568,-7.94665
3990,-0.220139,0.298451,-0.0274155,-1.57079,-0.147116,0.347973,0.267568,-7.94665
4000,-0.0532491,0.314159,0.0274155,1.57079,-0.0891766,0.85097,0.195075,-9.42705
4010,-0.35833,0.298451,0.0274155,-1.57079,-0.0284574,1.34279,0.118492,-10.7193
4020,-0.405268,0.298451,-0.0274155,-1.57079,-0.0284574,1.34279,0.118492,-10.7193
4030,-0.409567,0.298451,0,0,0.0295446,1.77571,0.0438298,-11.7011
4040,0.0444152,0.267035,0,-3.14159,0.0897563,2.20415,-0.0327791,-12.5483
4050,-0.321488,0.267035,-0.0548312,-3.14159,0.0897563,2.20415,-0.0327791,-12.5483
4060,0.12498,0.251327,-0.0274156,-1.5708,0.158985,2.68681,-0.108399,-13.3576
4070,0.39149,0.235619,-0.0274156,-1.5708,0.218557,2.71505,-0.169421,-11.4038
4080,1.17009,0.235619,-0.0274156,-1.5708,0.218557,2.71505,-0.169421,-11.4038
4090,0.187309,0.235619,-0.0274156,0,0.252371,2.89765,-0.21024,-11.4379
4100,0.470217,0.251327,0,1.5708,0.275457,2.63318,-0.230549,-8.7841
4110,0.470217,0.251327,0,1.5708,0.275457,2.63318,-0.230549,-8.7841
4120,0.470217,0.251327,0,1.5708,0.275457,2.63318,-0.230549,-8.7841
4130,0.171193,0.235619,0.0274156,-1.5708,0.26614,2.14187,-0.222818,-5.78471
4140,-0.00789717,0.235619,-0.0274156,-1.5708,0.26614,2.14187,-0.222818,-5.78471
4150,0.375113,0.235619,0,0,0.252487,1.67887,-0.191502,-3.01221
4160,0.167222,0.251327,0,1.5708,0.22563,1.16033,-0.137705,-0.290304
4170,0.0611618,0.251327,0.0274156,1.5708,0.22563,1.16033,-0.137705,-0.290304
4180,-0.0430446,0.267035,0.0274156,1.5708,0.198095,0.698137,-0.0680051,2.11286
4190,0.214657,0.267035,0.0274156,1.5708,0.198095,0.698137,-0.0680051,2.11286
4200,0.252221,0.314159,0.0822467,4.71239,0.166669,0.253171,0.0184137,4.31972
4210,0.163582,0.314159,0.0822467,0,0.127877,-0.201379,0.110486,6.30815
4220,-0.0211236,0.329867,0,1.5708,0.0831448,-0.66031,0.208297,8.09823
4230,0.0767719,0.329867,0.0274156,1.5708,0.0831448,-0.66031,0.208297,8.09823
4240,-0.112662,0.329867,0,0,0.0384924,-1.07133,0.305453,9.55676
4250,-0.0255758,0.361283,0,3.14159,-0.0098656,-1.47976,0.405356,10.841
4260,0.468222,0.361283,0.0548312,3.14159,-0.0098656,-1.47976,0.405356,10.841
4270,0.182168,0.408407,0.0822467,4.71239,-0.0582848,-1.85758,0.507524,11.9095
4280,-0.12617,0.455531,0.0822467,4.71239,-0.11217,-2.25655,0.610902,12.8765
4290,0.0149931,0.455531,0.0822467,4.71239,-0.11217,-2.25655,0.610902,12.8765
4300,-1.06273,0.455531,0,0,-0.178238,-2.7315,0.708512,13.7978
4310,0.505321,0.471239,0,1.57079,-0.255793,-3.23044,0.802108,14.359
4320,-0.628064,0.471239,0.0274155,1.57079,-0.255793,-3.23044,0.802108,14.359
4330,-2.15987,0.518363,0.0274155,4.71239,-0.348565,-3.54913,0.88778,12.9921
4340,-1.15074,0.534071,0.0822467,1.5708,-0.392488,-3.79662,0.950222,13.0589
4350,-0.13296,0.534071,0.0274156,1.5708,-0.392488,-3.79662,0.950222,13.0589
4360,-0.621353,0.565487,0.0274156,3.14159,-0.433574,-3.66806,0.997902,10.6108
4370,-0.263341,0.565487,0.0548312,3.14159,-0.433574,-3.66806,0.997902,10.6108
4380,-1.18611,0.549779,-0.0274156,-1.5708,-0.456282,-3.42031,1.01198,7.93223
4390,-0.360412,0.565487,0.0274156,1.5708,-0.477747,-3.21891,1.00498,5.48442
4400,-0.311743,0.565487,0.0274156,0,-0.492546,-3.00807,0.977731,3.13415
4410,-0.502843,0.565487,0,0,-0.492546,-3.00807,0.977731,3.13415
4420,-0.534059,0.565487,0,0,-0.48865,-2.68054,0.931499,0.678155
4430,-0.386357,0.565487,0,0,-0.48865,-2.68054,0.931499,0.678155
4440,-0.372626,0.534071,-0.0548312,-3.14159,-0.474428,-2.31139,0.865315,-1.72715
4450,-0.389251,0.534071,-0.0548312,0,-0.457401,-1.97325,0.789576,-3.85433
4460,-0.439387,0.534071,0,0,-0.457401,-1.97325,0.789576,-3.85433
4470,-0.593503,0.534071,0,0,-0.457401,-1.97325,0.789576,-3.85433
4480,-0.469014,0.534071,0,0,-0.439321,-1.67499,0.707895,-5.6944
4490,-0.469014,0.534071,0,0,-0.439321,-1.67499,0.707895,-5.6944
4500,-0.744795,0.518363,-0.0274156,-1.5708,-0.41328,-1.34722,0.619392,-7.42256
4510,-1.05194,0.486947,-0.0274156,-3.14159,-0.391946,-1.09961,0.526561,-8.81687
4520,-0.27088,0.486947,-0.0548312,-3.14159,-0.391946,-1.09961,0.526561,-8.81687
4530,-0.367479,0.471239,-0.0548312,-1.5708,-0.361133,-0.801165,0.432095,-10.1467
4540,-0.614512,0.471239,-0.0274156,-1.5708,-0.361133,-0.801165,0.432095,-10.1467
4550,-0.404984,0.455531,-0.0274155,-1.57079,-0.327906,-0.513972,0.338249,-11.2795
4560,-0.317394,0.455531,-0.0274155,0,-0.295173,-0.262067,0.249658,-12.1529
4570,-1.08213,0.455531,0,0,-0.295173,-0.262067,0.249658,-12.1529
4580,-0.391948,0.471239,0.0274155,1.57079,-0.262115,-0.0338702,0.169705,-12.7942
4590,-0.66434,0.471239,0.0274155,0,-0.227017,0.193636,0.095944,-13.2973
4600,-0.183702,0.455531,0,-1.57079,-0.184258,0.474662,0.0250611,-13.806
4610,-0.573792,0.455531,-0.0274155,-1.57079,-0.184258,0.474662,0.0250611,-13.806
4620,-0.573792,0.455531,-0.0274155,-1.57079,-0.184258,0.474662,0.0250611,-13.806
4630,-0.662822,0.439823,-0.0274156,-1.5708,-0.133526,0.810417,-0.0432101,-14.3178
4640,0.224848,0.408407,-0.0274156,-3.14159,-0.0877515,1.0868,-0.108698,-14.6073
4650,-0.550156,0.408407,-0.0548312,-3.14159,-0.0877515,1.0868,-0.108698,-14.6073
4660,0.163437,0.392699,-0.0274156,-1.5708,-0.0297818,1.45919,-0.171348,-14.9992
4670,-0.249236,0.329867,-0.0274156,-6.28319,0.0259168,1.45672,-0.226674,-12.8929
4680,-0.204484,0.329867,-0.109662,-6.28319,0.0259168,1.45672,-0.226674,-12.8929
4690,-0.638421,0.298451,-0.0548311,-3.14159,0.0835153,1.85681,-0.271297,-13.3372
4700,-0.291021,0.298451,-0.0548311,0,0.13382,2.17246,-0.310252,-13.4863
4710,-1.16651,0.298451,0,0,0.13382,2.17246,-0.310252,-13.4863
4720,-0.220494,0.267035,-0.0548312,-3.14159,0.185405,2.49266,-0.349383,-13.6037
4730,-1.18283,0.267035,-0.0548312,0,0.246968,2.89004,-0.38506,-13.7969
4740,0.0851181,0.267035,0,0,0.246968,2.89004,-0.38506,-13.7969
4750,-1.1752,0.235619,-0.0548312,-3.14159,0.332155,3.48771,-0.426543,-14.3654
4760,-1.53057,0.219911,-0.0548312,-1.57079,0.423776,4.11906,-0.469058,-14.8902
4770,-1.9472,0.219911,-0.0274155,-1.57079,0.423776,4.11906,-0.469058,-14.8902
4780,-0.200029,0.235619,-0.0274155,1.57079,0.51705,4.39311,-0.496328,-12.8464
4790,1.23161,0.219911,0.0274155,-1.57079,0.589274,4.86008,-0.510106,-12.9042
4800,2.30191,0.219911,-0.0274155,-1.57079,0.589274,4.86008,-0.510106,-12.9042
4810,0.924518,0.188496,-0.0274155,-3.14159,0.64507,5.1725,-0.522352,-12.6017
4820,1.97085,0.172788,-0.0548311,-1.5708,0.690238,5.04446,-0.519504,-9.68682
4830,0.956405,0.172788,-0.0274156,-1.5708,0.690238,5.04446,-0.519504,-9.68682
4840,2.0487,0.15708,-0.0274156,-1.5708,0.707004,4.72305,-0.489298,-6.49996
4850,0.541425,0.15708,-0.0274156,-1.5708,0.707004,4.72305,-0.489298,-6.49996
4860,1.6506,0.125664,-0.0548311,-3.14159,0.70391,4.29625,-0.438313,-3.31159
4870,0.609941,0.0942478,-0.0548311,-3.14159,0.689142,3.83903,-0.371449,-0.313362
4880,0.498765,0.0942478,-0.0548311,-3.14159,0.689142,3.83903,-0.371449,-0.313362
4890,1.40875,0.0785398,-0.0274156,-1.5708,0.661749,3.33839,-0.289962,2.52739
4900,0.622122,0.0314159,-0.0274156,-4.71239,0.60019,2.60557,-0.197567,5.55302
4910,0.488917,0.0314159,-0.0822467,-4.71239,0.60019,2.60557,-0.197567,5.55302
4920,0.885362,0.0314159,0,0,0.556453,2.10468,-0.0989435,7.79636
4930,0.521825,0.0471239,0,1.5708,0.520961,1.73038,0.00326183,9.5399
4940,-1.81669,0.0471239,0.0274156,1.5708,0.520961,1.73038,0.00326183,9.5399
4950,-3.04295,0.0314159,-0.0274156,-1.5708,0.448596,1.07443,0.10978,11.6348
4960,2.59906,0.0314159,-0.0274156,0,0.401369,0.69757,0.211055,12.8681
4970,0.141808,0.0314159,0,0,0.381611,0.943897,0.290831,10.9192
4980,-1.05069,0.0314159,0,0,0.381611,0.943897,0.290831,10.9192
4990,0.499894,-0.015708,0,-4.71239,0.36364,0.826863,0.345612,11.3381
5000,-2.12393,-0.015708,-0.0822467,-4.71239,0.36364,0.826863,0.345612,11.3381
5010,-0.293651,0,0.0274156,1.5708,0.339279,0.661123,0.400072,11.799
5020,-1.61218,-0.015708,0.0274156,-1.5708,0.319331,0.551215,0.446299,12.0164
5030,-0.187795,-0.015708,-0.0274156,-1.5708,0.319331,0.551215,0.446299,12.0164
5040,-0.0556338,-0.0471239,-0.0548311,-3.14159,0.299622,0.799416,0.47272,9.70915
5050,-0.347428,-0.0628318,-0.0548311,-1.5708,0.290096,1.09003,0.472552,7.37759
5060,0.567341,-0.0628318,-0.0274156,-1.5708,0.290096,1.09003,0.472552,7.37759
5070,2.29513,-0.0785398,-0.0274156,-1.5708,0.284834,1.02348,0.460629,7.5593
5080,0.409002,-0.109956,-0.0274156,-3.14159,0.278585,1.30067,0.437433,5.32068
5090,1.14682,-0.109956,-0.0548311,-3.14159,0.278585,1.30067,0.437433,5.32068
5100,0.111919,-0.0942478,-0.0548311,1.5708,0.267915,1.14025,0.41362,5.83131
5110,0.241118,-0.0942478,0.0274156,0,0.259536,1.01234,0.396464,6.2624
5120,0.956231,-0.0942478,0,0,0.259536,1.01234,0.396464,6.2624
5130,0.358771,-0.0785398,0.0274156,1.5708,0.244208,0.830346,0.389147,6.82013
5140,0.404425,-0.109956,0.0274156,-3.14159,0.230823,0.683962,0.381532,7.22697
5150,0.241214,-0.109956,-0.0548311,-3.14159,0.230823,0.683962,0.381532,7.22697
5160,0.320391,-0.0942478,0.0274156,1.5708,0.2097,0.475667,0.382657,7.77122
5170,0.610559,-0.0785398,0.0274156,1.5708,0.178836,0.193414,0.392164,8.44664
5180,0.673839,-0.0785398,0.0274156,0,0.133668,-0.197053,0.408324,9.28367
5190,0.212994,-0.0785398,0,0,0.133668,-0.197053,0.408324,9.28367
5200,0.0848532,-0.0785398,0,0,0.087283,-0.574345,0.428463,10.0019
5210,0.322654,-0.0471239,0,3.14159,0.0443392,-0.903532,0.454946,10.5688
5220,-0.210378,-0.0471239,0.0548311,3.14159,0.0443392,-0.903532,0.454946,10.5688
5230,0,0,0.0822467,4.71239,0.00131068,-1.22034,0.488594,11.0764
5240,-0.292818,0,0.0822467,0,-0.0394467,-1.49819,0.519782,11.3993
5250,-0.0815309,0,0,0,-0.0394467,-1.49819,0.519782,11.3993
5260,-0.0503216,0,0,0,-0.0574975,-1.21627,0.533494,8.80122
5270,-0.74761,0.0314159,0,3.14159,-0.0666915,-0.91502,0.527517,6.3119
5280,-0.51411,0.0314159,0.0548311,3.14159,-0.0666915,-0.91502,0.527517,6.3119
5290,-0.138612,0.0314159,0.0548311,0,-0.0501795,-0.728559,0.504752,5.58054
5300,-0.138612,0.0314159,0.0548311,0,-0.0501795,-0.728559,0.504752,5.58054
5310,0.0515476,0.0471239,0,1.5708,-0.0189552,-0.14088,0.470529,2.69718
5320,-0.253963,0.0471239,0.0274156,1.5708,-0.0189552,-0.14088,0.470529,2.69718
5330,0.605356,0.0628318,0.0274156,1.5708,0.027449,0.512249,0.417759,-0.101278
5340,0.648332,0.0628318,0.0274156,0,0.0691995,0.711057,0.361892,-0.0499669
5350,0.660839,0.0628318,0,0,0.0691995,0.711057,0.361892,-0.0499669
5360,0.561805,0.0628318,0,0,0.0947191,1.10605,0.308832,-1.98294
5370,0.786324,0.0628318,0,0,0.115321,1.0654,0.259514,-1.16086
5380,0.665896,0.0628318,0,0,0.115321,1.0654,0.259514,-1.16086
5390,0.665622,0.0942478,0.0548311,3.14159,0.127781,0.963419,0.230813,-0.143492
5400,0.599575,0.0785398,0.0548311,-1.5708,0.134823,0.837206,0.2128,0.884588
5410,0.521091,0.0785398,-0.0274156,-1.5708,0.134823,0.837206,0.2128,0.884588
5420,0.721266,0.109956,0.0548311,3.14159,0.130771,0.629519,0.213206,2.10092
5430,0.182936,0.141372,0.0548311,3.14159,0.100721,0.215259,0.233561,3.72441
5440,0.101362,0.141372,0.0548311,3.14159,0.100721,0.215259,0.233561,3.72441
5450,-0.0382096,0.141372,0,0,0.0781983,-0.0906479,0.2613,4.98394
5460,0.813009,0.141372,0,0,0.0625797,-0.303633,0.293088,5.935
5470,0.699193,0.141372,0,0,0.0625797,-0.303633,0.293088,5.935
5480,1.55541,0.188496,0.0822467,4.71239,0.0330791,-0.622495,0.338173,7.07901
5490,0.429863,0.219911,0.0822467,3.14159,0.0125939,-0.833645,0.387772,7.89735
5500,0.696389,0.219911,0.0548311,3.14159,0.0125939,-0.833645,0.387772,7.89735
5510,-0.854413,0.219911,0,0,-0.00449868,-0.991505,0.435274,8.48605
5520,0.138747,0.282743,0,6.28319,-0.0264451,-1.18405,0.491312,9.13617
5530,-0.14714,0.282743,0.109662,6.28319,-0.0264451,-1.18405,0.491312,9.13617
5540,-0.199555,0.314159,0.0548311,3.14159,-0.0413927,-1.2974,0.546726,9.53564
5550,1.07671,0.329867,0.0548311,1.5708,-0.062801,-1.45668,0.600691,9.95651
5560,-0.558599,0.329867,0.0274156,1.5708,-0.062801,-1.45668,0.600691,9.95651
5570,0.018567,0.376991,0.0822467,4.71239,-0.0695526,-1.21953,0.646434,8.26238
5580,0.240002,0.376991,0.0822467,0,-0.0586917,-1.11679,0.674972,8.11272
5590,0.720824,0.376991,0,0,-0.0586917,-1.11679,0.674972,8.11272
5600,0.0556528,0.408407,0.0548311,3.14159,-0.0581018,-0.767183,0.695724,5.80931
5610,0.67489,0.439823,0.0548311,3.14159,-0.052129,-0.76754,0.708568,6.03518
5620,0.374212,0.439823,0.0548312,3.14159,-0.052129,-0.76754,0.708568,6.03518
5630,0.185623,0.471239,0.0548311,3.14159,-0.0488334,-0.788816,0.726571,6.31775
5640,0.265107,0.471239,0,0,-0.0610298,-0.939221,0.747379,6.83666
5650,-0.325008,0.471239,0,0,-0.0886457,-1.212,0.772588,7.55846
5660,0.205884,0.471239,0,0,-0.0886457,-1.212,0.772588,7.55846
5670,0.126066,0.534071,0,6.28319,-0.108692,-1.40451,0.807626,8.1074
5680,0.412464,0.534071,0.109662,6.28319,-0.108692,-1.40451,0.807626,8.1074
5690,0.285962,0.565487,0.0548312,3.14159,-0.12945,-1.24366,0.836193,6.19967
5700,0.155989,0.565487,0.0548312,0,-0.153558,-1.49461,0.855604,6.86899
5710,0.194828,0.565487,0,0,-0.153558,-1.49461,0.855604,6.86899
5720,0.373232,0.596903,0.0548312,3.14159,-0.167481,-1.6394,0.879771,7.28115
5730,0.137173,0.612611,0.0274156,1.5708,-0.180518,-1.76464,0.905431,7.60944
5740,-0.582,0.659734,0.0274156,4.71239,-0.191917,-1.87004,0.936637,7.89961
5750,0.603035,0.659734,0.0822466,4.71239,-0.191917,-1.87004,0.936637,7.89961
5760,-0.150303,0.722566,0.109662,6.28319,-0.208595,-2.01889,0.975977,8.29644
5770,-0.199086,0.753982,0.109662,3.14159,-0.215352,-1.72315,1.00464,6.04762
5780,0.49446,0.753982,0.0548312,3.14159,-0.215352,-1.72315,1.00464,6.04762
5790,0.812237,0.738274,-0.0274157,-1.5708,-0.216591,-1.76713,1.01712,6.22875
5800,0.021783,0.801106,-0.0274157,6.28319,-0.213639,-1.43135,1.02843,4.01058
5810,0.0111679,0.801106,0.109662,6.28319,-0.213639,-1.43135,1.02843,4.01058
5820,0.248663,0.801106,0,0,-0.216386,-1.53684,1.03109,4.47545
5830,0.240729,0.863938,0,6.28318,-0.219137,-1.63791,1.04681,4.98308
5840,1.01644,0.863938,0.109662,6.28318,-0.219137,-1.63791,1.04681,4.98308
5850,1.69075,0.84823,-0.0274155,-1.57079,-0.255647,-2.02115,1.06865,6.01161
5860,3.0671,0.84823,-0.0274155,0,-0.303021,-2.47251,1.09766,7.08986
5870,-0.430836,0.84823,0,0,-0.303021,-2.47251,1.09766,7.08986
5880,-0.588323,0.84823,0,0,-0.349968,-2.88811,1.13023,7.97274
5890,-0.249557,0.863938,0,1.57079,-0.402907,-3.33157,1.16825,8.82306
5900,2.31997,0.863938,0.0274155,1.57079,-0.402907,-3.33157,1.16825,8.82306
5910,-0.589746,0.832522,-0.0548311,-3.14159,-0.444882,-3.30037,1.18934,6.8469
5920,0.144381,0.84823,-0.0548311,1.5708,-0.458995,-3.06156,1.18777,4.50827
5930,-0.728951,0.84823,0.0274156,1.5708,-0.458995,-3.06156,1.18777,4.50827
5940,-0.728951,0.911062,0.0274156,6.28319,-0.473266,-2.88068,1.17755,2.48472
5950,0.0535066,0.911062,0.109662,6.28319,-0.473266,-2.88068,1.17755,2.48472
5960,-0.571036,0.92677,0.0274155,1.57079,-0.495652,-3.15871,1.16609,3.2032
5970,-0.276557,0.942478,0.0274155,1.57079,-0.52002,-3.09054,1.15447,1.50871
5980,-0.711321,0.942478,0.0274155,1.57079,-0.52002,-3.09054,1.15447,1.50871
5990,-0.862728,0.958186,0.0274155,1.5708,-0.529603,-3.27063,1.13958,2.09513
6000,-0.838229,0.958186,0.0274157,1.5708,-0.529603,-3.27063,1.13958,2.09513
6010,-0.802974,0.958186,0,0,-0.518959,-2.90947,1.11662,-0.14837
6020,-0.658293,0.942478,0,-1.5708,-0.521196,-2.71084,1.07984,-1.91829
6030,-0.276798,0.942478,-0.0274157,-1.5708,-0.521196,-2.71084,1.07984,-1.91829
6040,-0.471682,0.958186,0.0274157,1.5708,-0.499997,-2.34462,1.03167,-3.8917
6050,-0.579604,0.958186,0.0274157,0,-0.475861,-1.99766,0.974266,-5.65952
6060,-0.435235,0.942478,0,-1.5708,-0.437105,-1.56044,0.90566,-7.47107
6070,-0.435235,0.942478,0,-1.5708,-0.437105,-1.56044,0.90566,-7.47107
6080,-0.107211,0.942478,-0.0274157,-1.5708,-0.437105,-1.56044,0.90566,-7.47107
6090,-0.426886,0.942478,0,0,-0.396407,-1.15149,0.832855,-9.02586
6100,-0.429258,0.942478,0,0,-0.364235,-0.858072,0.760693,-10.1493
6110,-0.226292,0.942478,0,0,-0.364235,-0.858072,0.760693,-10.1493
6120,-0.180757,0.942478,0,0,-0.323695,-0.523103,0.688638,-11.187
6130,-0.39834,0.895354,0,-4.71239,-0.285858,-0.230797,0.612353,-12.0546
6140,-0.0741214,0.895354,-0.0822466,-4.71239,-0.285858,-0.230797,0.612353,-12.0546
6150,-0.494686,0.879646,-0.0274155,-1.57079,-0.252136,0.000630885,0.539679,-12.6508
6160,-0.859822,0.863938,-0.0274155,-1.5708,-0.213222,0.261568,0.469684,-13.1961
6170,-0.860676,0.863938,-0.0274157,-1.5708,-0.213222,0.261568,0.469684,-13.1961
6180,-0.10769,0.863938,0,0,-0.175646,0.469121,0.407068,-13.3853
6190,-0.175962,0.879646,0,1.5708,-0.143032,0.643907,0.355361,-13.4938
6200,-0.176929,0.879646,0.0274157,1.5708,-0.143032,0.643907,0.355361,-13.4938
6210,-0.187624,0.863938,-0.0274157,-1.5708,-0.107111,0.843418,0.307236,-13.5963
6220,-0.307592,0.84823,-0.0274157,-1.57079,-0.0691967,1.05464,0.262926,-13.6602
6230,0.222266,0.84823,-0.0274155,-1.57079,-0.0691967,1.05464,0.262926,-13.6602
6240,-0.136608,0.832522,-0.0274156,-1.5708,-0.0333144,1.24225,0.223142,-13.6147
6250,0.0566078,0.801106,-0.0274156,-3.14159,0.000287548,1.40878,0.185652,-13.4975
6260,-0.598463,0.801106,-0.0548312,-3.14159,0.000287548,1.40878,0.185652,-13.4975
6270,0.486899,0.816814,0.0274156,1.5708,0.0227197,1.12534,0.17011,-10.6876
6280,0.0502838,0.785398,0.0274156,-3.14159,0.0493139,0.942627,0.173126,-8.25118
6290,-0.666007,0.785398,-0.0548312,-3.14159,0.0493139,0.942627,0.173126,-8.25118
6300,-2.52892,0.801106,0.0274156,1.5708,0.0829464,1.21499,0.186584,-8.52174
6310,-0.191392,0.753982,0.0274156,-4.71239,0.0985736,0.978526,0.202732,-6.10049
6320,-0.293884,0.753982,-0.0822466,-4.71239,0.0985736,0.978526,0.202732,-6.10049
6330,-0.164672,0.738274,-0.0274157,-1.5708,0.113866,1.13614,0.224112,-6.31349
6340,-0.39093,0.706858,-0.0274157,-3.14159,0.138261,1.37125,0.234127,-6.73029
6350,0.144053,0.706858,-0.0548312,-3.14159,0.138261,1.37125,0.234127,-6.73029
6360,-0.205395,0.675442,-0.0548312,-3.14159,0.176973,1.72381,0.231923,-7.40355
6370,-0.249137,0.675442,-0.0548312,0,0.208432,1.99022,0.227264,-7.82334
6380,-0.794059,0.675442,0,0,0.208432,1.99022,0.227264,-7.82334
6390,0.286476,0.644027,0,-3.14158,0.234226,1.85126,0.226582,-5.72116
6400,0.841852,0.612611,-0.0548309,-3.14159,0.240808,1.93218,0.232836,-5.864
6410,0.504787,0.612611,-0.0548312,-3.14159,0.240808,1.93218,0.232836,-5.864
6420,-0.382181,0.581195,-0.0548312,-3.14159,0.260176,1.77989,0.239546,-3.88673
6430,-0.456462,0.549779,-0.0548312,-3.14159,0.271931,1.60366,0.258266,-1.98962
6440,-0.938485,0.549779,-0.0548312,-3.14159,0.271931,1.60366,0.258266,-1.98962
6450,0.0194504,0.534071,-0.0548312,-1.5708,0.280965,1.78929,0.278042,-2.63982
6460,-0.736639,0.534071,-0.0274156,-1.5708,0.280965,1.78929,0.278042,-2.63982
6470,-0.376251,0.518363,-0.0274156,-1.5708,0.312865,2.16343,0.282512,-3.68961
6480,-0.376251,0.518363,-0.0274156,-1.5708,0.312865,2.16343,0.282512,-3.68961
6490,-0.632935,0.518363,-0.0274156,-1.5708,0.312865,2.16343,0.282512,-3.68961
6500,-0.0624518,0.502655,-0.0274156,-1.5708,0.340928,2.13173,0.286936,-2.16948
6510,0.318123,0.486947,-0.0274156,-1.5708,0.359788,2.39414,0.293023,-3.00944
6520,-0.302116,0.486947,-0.0274156,0,0.379166,2.63858,0.291968,-3.75763
6530,0.186058,0.486947,0,0,0.379166,2.63858,0.291968,-3.75763
6540,0.229969,0.424115,-0.109662,-6.28318,0.410962,2.63657,0.282594,-2.35734
6550,0.0262831,0.424115,-0.109662,0,0.446829,3.03967,0.275972,-3.49926
6560,-0.028879,0.424115,0,0,0.446829,3.03967,0.275972,-3.49926
6570,-0.358144,0.408407,-0.0274156,-1.5708,0.481627,3.40425,0.25958,-4.48892
6580,0.0240824,0.376991,-0.0274156,-3.14159,0.512081,3.36106,0.244311,-2.90319
6590,-1.99676,0.376991,-0.0548311,-3.14159,0.512081,3.36106,0.244311,-2.90319
6600,-0.157713,0.376991,-0.0548311,0,0.540062,3.67015,0.235174,-3.75939
6610,1.30365,0.376991,0,0,0.540062,3.67015,0.235174,-3.75939
6620,1.18315,0.361283,-0.0274156,-1.5708,0.565159,3.5867,0.229058,-2.07449
6630,1.06905,0.361283,-0.0274156,0,0.569874,3.69947,0.232423,-2.51936
6640,0.708283,0.361283,0,0,0.569874,3.69947,0.232423,-2.51936
6650,0.81374,0.361283,0,0,0.583993,3.5391,0.239638,-0.707113
6660,1.07859,0.392699,0,3.14159,0.597281,3.40482,0.265428,0.998029
6670,0.55962,0.392699,0.0548311,3.14159,0.597281,3.40482,0.265428,0.998029
6680,0.736664,0.408407,0.0274156,1.5708,0.592775,3.14709,0.307278,2.87199
6690,-0.0996687,0.361283,0.0274156,-4.71239,0.58744,2.93064,0.350434,4.44897
6700,0.955271,0.345575,-0.0822467,-1.5708,0.580388,2.73469,0.398259,5.84185
6710,1.65177,0.345575,-0.0274156,-1.5708,0.580388,2.73469,0.398259,5.84185
6720,0.419945,0.345575,-0.0274156,0,0.56875,2.87399,0.441511,4.7451
6730,0.154469,0.314159,0,-3.14159,0.555366,2.63355,0.475124,6.07205
6740,0.154469,0.314159,0,-3.14159,0.555366,2.63355,0.475124,6.07205
6750,0.28248,0.314159,-0.0548312,-3.14159,0.555366,2.63355,0.475124,6.07205
6760,0.559093,0.361283,0.0822467,4.71239,0.521336,2.23311,0.526679,7.69389
6770,0.682069,0.361283,0.0822467,0,0.487361,1.87507,0.582633,9.0535
6780,0.0615305,0.361283,0,0,0.487361,1.87507,0.582633,9.0535
6790,0.332179,0.392699,0.0548311,3.14159,0.449393,1.51215,0.646682,10.311
6800,0.22171,0.361283,0.0548311,-3.14159,0.401618,1.1004,0.707882,11.4661
6810,0.269091,0.361283,-0.0548311,-3.14159,0.401618,1.1004,0.707882,11.4661
6820,0.182408,0.376991,0.0274156,1.5708,0.356261,0.739129,0.771073,12.3838
6830,0.0376884,0.392699,0.0274156,1.57079,0.31109,0.4047,0.834086,13.1159
6840,-0.312282,0.392699,0.0274155,1.57079,0.31109,0.4047,0.834086,13.1159
6850,-0.121266,0.392699,0,0,0.259276,0.0343466,0.894579,13.7859
6860,0.243874,0.392699,0,0,0.208973,-0.300344,0.950641,14.2458
6870,-0.101235,0.392699,0,0,0.208973,-0.300344,0.950641,14.2458
6880,-0.509354,0.376991,-0.0274155,-1.57079,0.171463,-0.156873,0.986399,11.898
6890,-0.37977,0.376991,-0.0274155,0,0.162171,-0.154995,1.00169,11.5663
6900,-0.203493,0.376991,0,0,0.162171,-0.154995,1.00169,11.5663
6910,-0.377783,0.376991,0,0,0.158363,0.23488,1.00096,8.75145
6920,-0.332266,0.376991,0,0,0.166403,0.668183,0.975436,5.98897
6930,-0.427821,0.376991,0,0,0.166403,0.668183,0.975436,5.98897
6940,-0.428697,0.361283,-0.0274156,-1.5708,0.185129,1.13597,0.92705,3.30944
6950,-1.0557,0.361283,-0.0274156,0,0.2303,1.77604,0.858929,0.470029
6960,0.036661,0.361283,0,0,0.2303,1.77604,0.858929,0.470029
6970,0.558244,0.376991,0.0274156,1.5708,0.28374,2.41802,0.779429,-2.10201
6980,0.588818,0.361283,0.0274156,-1.5708,0.333612,2.96594,0.689973,-4.24232
6990,0.364145,0.361283,-0.0274156,-1.5708,0.333612,2.96594,0.689973,-4.24232
7000,1.06501,0.361283,-0.0274156,0,0.380305,3.08492,0.607935,-3.57312
7010,0.793482,0.361283,0,0,0.380305,3.08492,0.607935,-3.57312
7020,1.07281,0.361283,0,0,0.420007,3.14961,0.545139,-2.70413
7030,0.815143,0.376991,0,1.5708,0.44045,3.05427,0.505573,-1.4254
7040,0.980209,0.392699,0.0274156,1.57079,0.442012,2.81457,0.488612,0.16726
7050,0.688801,0.392699,0.0274155,1.57079,0.442012,2.81457,0.488612,0.16726
7060,0.791836,0.408407,0.0274155,1.5708,0.432727,2.51159,0.491408,1.84805
7070,0.563503,0.424115,0.0274156,1.5708,0.419045,2.20635,0.510204,3.45389
7080,0.68675,0.424115,0.0274156,1.5708,0.419045,2.20635,0.510204,3.45389
7090,0.788811,0.439823,0.0274156,1.5708,0.406426,1.94651,0.540826,4.86752
7100,0.450625,0.502655,0.0274156,6.28318,0.388391,1.66421,0.588952,6.29212
7110,0.892173,0.502655,0.109662,6.28318,0.388391,1.66421,0.588952,6.29212
7120,0.256092,0.534071,0.0548312,3.14159,0.367241,1.38701,0.646069,7.5952
7130,0.480753,0.534071,0.0548312,0,0.345213,1.13583,0.704796,8.69311
7140,0.365374,0.534071,0,0,0.345213,1.13583,0.704796,8.69311
7150,-0.382811,0.534071,0,0,0.327825,0.954281,0.762387,9.50833
7160,1.05753,0.596903,0.109662,6.28319,0.312602,0.805397,0.827274,10.2195
7170,0.244413,0.628318,0.0548311,3.14159,0.299102,0.689084,0.892076,10.7723
7180,0.96902,0.706858,0.0548311,7.85398,0.290504,0.622981,0.962607,11.2059
7190,0.606519,0.706858,0.137078,7.85398,0.290504,0.622981,0.962607,11.2059
7200,0.193575,0.785398,0.137078,7.85398,0.279537,0.541075,1.03828,11.6541
7210,0.481001,0.895354,0.191909,10.9956,0.264964,0.429358,1.12365,12.1789
7220,-0.171435,1.00531,0.191909,10.9956,0.25385,0.35444,1.21588,12.6149
7230,-0.458869,1.00531,0.191909,10.9956,0.25385,0.35444,1.21588,12.6149
7240,1.2579,1.09956,0.164493,9.42478,0.249336,0.689415,1.3003,10.495
7250,0.229386,1.14668,0.164493,4.71239,0.248299,0.664462,1.3712,10.8513
7260,0.793231,1.14668,0.0822467,4.71239,0.248299,0.664462,1.3712,10.8513
7270,0.865154,1.16239,0.0274156,1.5708,0.246041,0.640044,1.43686,11.1217
7280,0.701335,1.22522,0.0274156,6.28319,0.243855,0.618598,1.5048,11.378
7290,2.16476,1.22522,0.109662,6.28319,0.243855,0.618598,1.5048,11.378
7300,0.905519,1.27234,0.0822465,4.71238,0.232231,0.518929,1.57377,11.7613
7310,0.813856,1.28805,0.0822465,1.57081,0.223734,0.460498,1.63685,11.9655
7320,2.07276,1.28805,0.0274158,1.57081,0.223734,0.460498,1.63685,11.9655
7330,0.780348,1.30376,0.0274154,1.57079,0.21327,0.392469,1.69503,12.1236
7340,0.620935,1.35088,0.0274154,4.71238,0.203237,0.331081,1.75306,12.2483
7350,1.55942,1.3823,0.0822465,3.14161,0.203237,0.331081,1.75306,12.2483
7360,0.256708,1.3823,0.0548314,3.14161,0.19688,0.307622,1.8071,12.2476
7370,0.467758,1.42942,0.0548314,4.71239,0.188324,0.264053,1.86078,12.2817
7380,0.356788,1.47655,0.0822467,4.71238,0.186307,0.279716,1.91221,12.1754
7390,0.986868,1.47655,0.0822465,4.71238,0.186307,0.279716,1.91221,12.1754
7400,0.310498,1.52367,0.0822467,4.71239,0.171631,0.179919,1.96507,12.3149
7410,0.579271,1.53938,0.0822467,1.5708,0.160209,0.117376,2.01235,12.3115
7420,0.729057,1.53938,0.0274156,1.5708,0.160209,0.117376,2.01235,12.3115
7430,0.536128,1.5708,0.0548312,3.14159,0.158847,0.145824,2.05508,12.0936
7440,0.624874,1.60221,0.0548312,3.14159,0.153128,0.131475,2.09543,11.9655
7450,0.459104,1.60221,0.0548312,3.14159,0.153128,0.131475,2.09543,11.9655
7460,0.775528,1.64934,0.0822467,4.71239,0.153003,0.163274,2.13462,11.7528
7470,0.498505,1.63363,0.0822467,-1.5708,0.154411,0.21127,2.16306,11.4443
7480,1.02065,1.63363,-0.0274156,-1.5708,0.154411,0.21127,2.16306,11.4443
7490,0.66712,1.66504,0.0548312,3.14159,0.151218,0.20993,2.19112,11.2718
7500,0.521124,1.69646,0.0548312,3.14159,0.148359,0.208344,2.21819,11.1106
7510,1.00732,1.69646,0.0548312,3.14159,0.148359,0.208344,2.21819,11.1106
7520,0.65906,1.72788,0.0548309,3.14158,0.145342,0.202226,2.24462,10.9706
7530,0.629127,1.75929,0.0548309,3.14161,0.14523,0.219367,2.26997,10.792
7540,0.510286,1.775,0.0548314,1.57079,0.145991,0.242487,2.29212,10.5962
7550,0.933057,1.775,0.0274154,1.57079,0.145991,0.242487,2.29212,10.5962
7560,0.806374,1.775,0,0,0.146789,0.265005,2.3093,10.3856
7570,0.578181,1.82212,0,4.7124,0.144137,0.248743,2.33051,10.3117
7580,0.56002,1.82212,0.0822469,4.7124,0.144137,0.248743,2.33051,10.3117
7590,0.777776,1.85354,0.0548309,3.14158,0.143847,0.252594,2.35185,10.2046
7600,0.818954,1.86925,0.0548309,1.5708,0.140687,0.230469,2.37198,10.1489
7610,0.758407,1.86925,0.0274156,1.5708,0.140687,0.230469,2.37198,10.1489
7620,0.706895,1.86925,0,0,0.137044,0.20654,2.38861,10.0731
7630,0.746374,1.93208,0,6.28318,0.134492,0.18552,2.41179,10.056
7640,0.542551,1.9635,0.109662,3.14161,0.132968,0.174437,2.4354,10.019
7650,0.520581,1.9635,0.0548314,3.14161,0.132968,0.174437,2.4354,10.019
7660,0.635929,1.99491,0.0548309,3.14158,0.13365,0.182168,2.45932,9.95138
7670,0.813627,2.01062,0.0548309,1.5708,0.132377,0.172783,2.48177,9.91209
7680,0.63567,2.01062,0.0274156,1.5708,0.132377,0.172783,2.48177,9.91209
7690,0.735922,2.02633,0.0274156,1.5708,0.131942,0.171366,2.50271,9.84996
7700,0.647581,2.05774,0.0548312,3.14159,0.129302,0.148092,2.52537,9.85233
7710,0.665181,2.15199,0.164493,9.42478,0.125327,0.104812,2.55946,9.98606
7720,0.742871,2.26195,0.164493,10.9956,0.122612,0.0681699,2.60551,10.1809
7730,0.595986,2.26195,0.191909,10.9956,0.122612,0.0681699,2.60551,10.1809
7740,0.796713,2.32478,0.109662,6.28319,0.120101,0.0371215,2.65494,10.3596
7750,0.488393,2.3719,0.0822463,4.71237,0.118588,0.0189869,2.70503,10.4939
7760,0.66592,2.43473,0.109662,6.28319,0.118418,0.0132432,2.75791,10.611
7770,0.588972,2.49757,0.109662,6.28319,0.117841,0.00441698,2.81329,10.7393
7780,0.458371,2.52898,0.109662,3.14159,0.118547,0.0120857,2.86555,10.7928
7790,0.821878,2.52898,0.0548312,3.14159,0.118547,0.0120857,2.86555,10.7928
7800,0.666618,2.54469,0.0274156,1.5708,0.118751,0.0194683,2.91288,10.8022
7810,0.61666,2.60752,0.109662,6.28319,0.118645,0.0205374,2.96318,10.8519
7820,0.748829,2.68606,0.137078,7.85398,0.120455,0.0357061,3.01776,10.9026
7830,0.556521,2.73319,0.137078,4.71239,0.123174,0.0606426,3.07113,10.9164
7840,0.516842,2.78031,0.0822467,4.71239,0.122541,0.0554871,3.12452,10.9887
7850,0.685861,2.78031,0.0822467,4.71239,0.122541,0.0554871,3.12452,10.9887
7860,0.393681,2.79602,0.0274156,1.5708,0.122541,0.0614863,3.1725,10.986
7870,0.625333,2.78031,-0.0274156,-1.5708,0.122099,0.0702138,3.21092,10.9025
7880,0.705093,2.79602,0.0274156,1.5708,0.122143,0.0826661,3.24563,10.7979
7890,0.676376,2.79602,0,0,0.122599,0.100588,3.27418,10.6466
7900,0.725029,2.82743,0,3.14157,0.123512,0.118434,3.30222,10.5139
7910,0.723348,2.82743,0.0548307,3.14157,0.123512,0.118434,3.30222,10.5139
7920,0.686099,2.82743,0,0,0.122024,0.116234,3.32531,10.3947
7930,0.710342,2.85885,0.0548316,3.14162,0.120033,0.106119,3.34911,10.3135
7940,0.515453,2.85885,0,0,0.119225,0.109118,3.36813,10.1749
7950,0.528944,2.89027,0.0548312,3.14159,0.117683,0.101416,3.38837,10.0861
7960,0.629666,2.89027,0.0548312,0,0.115184,0.0873661,3.40477,9.98591
7970,0.598948,2.89027,0,0,0.115184,0.0873661,3.40477,9.98591
7980,0.531257,2.93739,0.0822463,4.71237,0.113856,0.0783811,3.42508,9.92179
7990,0.508162,2.9688,0.0548312,3.14159,0.114223,0.0835251,3.44589,9.8385
8000,0.587454,2.98451,0.027416,1.57082,0.114566,0.0883951,3.46512,9.75144
8010,0.563316,2.9688,0.027416,-1.57082,0.116971,0.114929,3.47772,9.57875
8020,0.513606,2.9688,-0.027416,-1.57082,0.116971,0.114929,3.47772,9.57875
8030,0.613872,2.98451,0.027416,1.57082,0.120682,0.148828,3.48949,9.41121
8040,0.538351,3.00022,0.0274156,1.5708,0.121771,0.15607,3.50112,9.3159
8050,0.452181,3.01593,0.0274156,1.5708,0.121952,0.153771,3.51279,9.25101
8060,0.501357,3.03164,0.0274152,1.57077,0.125706,0.182528,3.5237,9.12775
8070,0.582469,3.06305,0.0274152,3.14159,0.131531,0.225143,3.53635,9.00936
8080,0.598665,3.06305,0.0548312,3.14159,0.131531,0.225143,3.53635,9.00936
8090,0.536772,3.07876,0.0274156,1.5708,0.135409,0.248329,3.54883,8.9422
8100,0.498729,3.09447,0.0274156,1.5708,0.140399,0.280104,3.56103,8.86632
8110,0.545716,3.09447,0,0,0.146735,0.324197,3.57041,8.75499
8120,0.509376,3.11018,0,1.57082,0.15249,0.359801,3.5802,8.68203
8130,0.525515,3.11018,0.027416,1.57082,0.15249,0.359801,3.5802,8.68203
8140,0.554307,3.11018,0,0,0.15831,0.396126,3.58784,8.60125
8150,0.584027,3.11018,0,0,0.163808,0.428889,3.59386,8.52802
8160,0.587492,3.11018,0,0,0.16894,0.457778,3.59855,8.46408
8170,0.621236,3.11018,0,0,0.173723,0.483075,3.60217,8.40963
8180,0.605844,3.11018,0,0,0.177645,0.500376,3.60507,8.37444
8190,0.599888,3.11018,0,0,0.177645,0.500376,3.60507,8.37444
8200,0.609816,3.11018,0,0,0.181695,0.518913,3.60726,8.33806
8210,0.599099,3.11018,0,0,0.184432,0.525743,3.60918,8.32895
8220,0.554963,3.11018,0,0,0.186343,0.525872,3.61095,8.33442
8230,0.559211,3.11018,0,0,0.188724,0.531199,3.61239,8.32797
8240,0.554386,3.11018,0,0,0.188724,0.531199,3.61239,8.32797
8250,0.557474,3.11018,0,0,0.1908,0.534433,3.61366,8.32641
8260,0.556255,3.11018,0,0,0.192737,0.537131,3.61476,8.32615
8270,0.576576,3.11018,0,0,0.195143,0.544677,3.6156,8.31574
8280,0.595864,3.11018,0,0,0.195143,0.544677,3.6156,8.31574
8290,0.590102,3.11018,0,0,0.196774,0.545664,3.61643,8.32063
8300,0.628242,3.11018,0,0,0.198308,0.546516,3.6172,8.32578
8310,0.639961,3.11018,0,0,0.199158,0.541968,3.61806,8.34248
8320,0.660483,3.11018,0,0,0.198711,0.526855,3.61922,8.38056
8330,0.668478,3.11018,0,0,0.197406,0.505679,3.62069,8.42816
8340,0.676597,3.11018,0,0,0.197406,0.505679,3.62069,8.42816
8350,0.661043,3.11018,0,0,0.19528,0.479047,3.62248,8.48255
8360,0.64443,3.11018,0,0,0.192227,0.446235,3.62461,8.54405
8370,0.636214,3.11018,0,0,0.188281,0.407784,3.62707,8.61011
8380,0.62014,3.11018,0,0,0.183792,0.36701,3.62977,8.6725
8390,0.602094,3.11018,0,0,0.179044,0.326382,3.63256,8.72552
8400,0.589855,3.11018,0,0,0.173978,0.285188,3.63536,8.77089
8410,0.596795,3.11018,0,0,0.173978,0.285188,3.63536,8.77089
8420,0.573838,3.11018,0,0,0.168551,0.242881,3.63813,8.80993
8430,0.574776,3.11018,0,0,0.163196,0.203194,3.64071,8.83481
8440,0.572127,3.11018,0,0,0.158165,0.168026,3.64297,8.84246
8450,0.57002,3.11018,0,0,0.152839,0.131437,3.64495,8.84698
8460,0.573557,3.11018,0,0,0.147013,0.0915186,3.64673,8.8527
8470,0.571846,3.11018,0,0,0.147013,0.0915186,3.64673,8.8527
8480,0.568613,3.11018,0,0,0.141319,0.0539889,3.64818,8.84726
8490,0.553271,3.11018,0,0,0.135791,0.0188469,3.64926,8.83167
8500,0.52445,3.11018,0,0,0.130288,-0.0154261,3.64998,8.81019
8510,0.522929,3.11018,0,0,0.130288,-0.0154261,3.64998,8.81019
8520,0.493876,3.11018,0,0,0.125206,-0.0454637,3.65025,8.77638
8530,0.48178,3.11018,0,0,0.12062,-0.0709299,3.65003,8.73086
8540,0.474446,3.11018,0,0,0.116179,-0.0953003,3.64939,8.68249
8550,0.475826,3.11018,0,0,0.112233,-0.11555,3.64828,8.62558
8560,0.513011,3.11018,0,0,0.108333,-0.13596,3.64681,8.57045
8570,0.519722,3.11018,0,0,0.104154,-0.159397,3.64513,8.52357
8580,0.514522,3.11018,0,0,0.104154,-0.159397,3.64513,8.52357
8590,0.526913,3.12588,0.0274147,1.57075,0.10033,-0.182061,3.64565,8.49672
8600,0.504622,3.12588,0,0,0.096466,-0.204412,3.64565,8.46398
8610,0.470878,3.12588,0,0,0.0922443,-0.229954,3.64542,8.43709
8620,0.470113,3.12588,0,0,0.0879389,-0.256087,3.64497,8.4102
8630,0.482958,3.12588,0,0,0.0879389,-0.256087,3.64497,8.4102
8640,0.474151,3.14159,0.027416,1.57082,0.0835313,-0.285022,3.6468,8.40848
8650,0.468254,3.1573,0.0274156,1.5708,0.0793011,-0.313091,3.65054,8.41682
8660,0.448755,3.1573,0,0,0.0752017,-0.338384,3.65353,8.40843
8670,0.431803,3.1573,0,0,0.0712823,-0.361401,3.65592,8.38958
8680,0.413905,3.1573,0,0,0.0712823,-0.361401,3.65592,8.38958
8690,0.409704,3.1573,0,0,0.0678623,-0.379575,3.65764,8.3561
8700,0.415698,3.1573,0,0,0.0648439,-0.394184,3.6587,8.31252
8710,0.421389,3.1573,0,0,0.0620944,-0.406708,3.65916,8.26347
8720,0.429265,3.1573,0,0,0.0596324,-0.417155,3.65906,8.21012
8730,0.4213,3.1573,0,0,0.0596324,-0.417155,3.65906,8.21012
8740,0.419571,3.1573,0,0,0.0566103,-0.43323,3.65864,8.16992
8750,0.435096,3.1573,0,0,0.0530056,-0.454779,3.65805,8.14178
8760,0.432145,3.1573,0,0,0.0491549,-0.478486,3.65732,8.11781
8770,0.426314,3.1573,0,0,0.0450398,-0.504406,3.65651,8.09788
8780,0.405016,3.1573,0,0,0.0405826,-0.533118,3.65567,8.08292
8790,0.387167,3.1573,0,0,0.0405826,-0.533118,3.65567,8.08292
8800,0.376078,3.1573,0,0,0.0359945,-0.562614,3.65481,8.06824
8810,0.334261,3.1573,0,0,0.0315535,-0.590392,3.65385,8.04838
8820,0.319292,3.1573,0,0,0.0274278,-0.615098,3.65273,8.02087
8830,0.290143,3.1573,0,0,0.0246833,-0.627482,3.65118,7.96688
8840,0.288573,3.1573,0,0,0.0231658,-0.629682,3.64911,7.8937
8850,0.330605,3.1573,0,0,0.0231658,-0.629682,3.64911,7.8937
8860,0.361317,3.1573,0,0,0.0230975,-0.6203,3.6464,7.80067
8870,0.243754,3.1573,0,0,0.0206353,-0.634166,3.64389,7.76468
8880,0.201762,3.1573,0,0,0.0182486,-0.647747,3.64139,7.73074
8890,0.219967,3.1573,0,0,0.019988,-0.624981,3.638,7.62199
8900,0.319557,3.1573,0,0,0.019988,-0.624981,3.638,7.62199
8910,0.282793,3.1573,0,0,0.0227831,-0.595377,3.63402,7.50893
8920,0.225616,3.1573,0,0,0.0236637,-0.585592,3.63018,7.44988
8930,0.239298,3.1573,0,0,0.0261137,-0.563206,3.62607,7.37152
8940,0.238948,3.1573,0,0,0.0301804,-0.528437,3.6216,7.27669
8950,0.298637,3.1573,0,0,0.033212,-0.50546,3.6173,7.21928
8960,0.267143,3.1573,0,0,0.033212,-0.50546,3.6173,7.21928
8970,0.260843,3.1573,0,0,0.0359492,-0.486725,3.61326,7.1803
8980,0.273852,3.1573,0,0,0.0396865,-0.460284,3.6093,7.13294
8990,0.264216,3.1573,0,0,0.043748,-0.432455,3.6055,7.09162
9000,0.262501,3.1573,0,0,0.0475018,-0.408771,3.60204,7.06786
9010,0.232557,3.1573,0,0,0.0511891,-0.386658,3.59894,7.0547
9020,0.236881,3.1573,0,0,0.0511891,-0.386658,3.59894,7.0547
9030,0.256606,3.1573,0,0,0.0546661,-0.367154,3.59627,7.05336
9040,0.226591,3.1573,0,0,0.0577945,-0.3512,3.59409,7.06463
9050,0.199607,3.1573,0,0,0.0623748,-0.322453,3.59202,7.0523
9060,0.233042,3.1573,0,0,0.0685484,-0.280361,3.58984,7.01728
9070,0.223394,3.1573,0,0,0.0685484,-0.280361,3.58984,7.01728
9080,0.235989,3.1573,0,0,0.0738824,-0.247271,3.58796,7.00956
9090,0.225542,3.1573,0,0,0.0790647,-0.216354,3.58639,7.01227
9100,0.222523,3.1573,0,0,0.0851902,-0.177618,3.58491,7.00317
9110,0.258771,3.1573,0,0,0.0919657,-0.134054,3.58349,6.98978
9120,0.290169,3.1573,0,0,0.0919657,-0.134054,3.58349,6.98978
9130,0.29002,3.1573,0,0,0.0980594,-0.0976875,3.58242,6.99834
9140,0.303946,3.1573,0,0,0.104013,-0.0631334,3.58167,7.01541
9150,0.351706,3.1573,0,0,0.109028,-0.0372762,3.58145,7.0548
9160,0.376411,3.1573,0,0,0.113067,-0.0198548,3.58186,7.11363
9170,0.357706,3.1573,0,0,0.115989,-0.0115558,3.58297,7.19104
9180,0.370119,3.1573,0,0,0.115989,-0.0115558,3.58297,7.19104
9190,0.344334,3.1573,0,0,0.118482,-0.0057114,3.58467,7.27038
9200,0.358986,3.1573,0,0,0.120136,-0.00584672,3.58697,7.35812
9210,0.292898,3.1573,0,0,0.120928,-0.0118851,3.58985,7.45243
9220,0.190661,3.1573,0,0,0.123981,0.00424522,3.59254,7.49195
9230,0.247734,3.1573,0,0,0.123981,0.00424522,3.59254,7.49195
9240,0.330966,3.1573,0,0,0.124876,0.00173252,3.59569,7.56816
9250,0.319421,3.1573,0,0,0.123713,-0.0174633,3.59946,7.67312
9260,0.357016,3.1573,0,0,0.122955,-0.0305218,3.60341,7.75467
9270,0.335811,3.1573,0,0,0.122927,-0.0351227,3.60726,7.8092
9280,0.260142,3.1573,0,0,0.123647,-0.0317835,3.61081,7.83978
9290,0.329279,3.1573,0,0,0.123647,-0.0317835,3.61081,7.83978
9300,0.304674,3.1573,0,0,0.121798,-0.0506371,3.61468,7.91266
9310,0.215052,3.1573,0,0,0.117116,-0.0927826,3.61919,8.02595
9320,0.264602,3.1573,0,0,0.11647,-0.0958509,3.62296,8.04207
9330,0.350118,3.1573,0,0,0.115888,-0.0978321,3.62629,8.05053
9340,0.307275,3.1573,0,0,0.111954,-0.129292,3.62997,8.11732
9350,0.287262,3.1573,0,0,0.111954,-0.129292,3.62997,8.11732
9360,0.354908,3.1573,0,0,0.109131,-0.148824,3.63333,8.14861
9370,0.358109,3.1573,0,0,0.105913,-0.170757,3.63651,8.17789
9380,0.314082,3.1573,0,0,0.100872,-0.207776,3.63983,8.23214
9390,0.273009,3.1573,0,0,0.0964488,-0.237396,3.6429,8.26082
9400,0.272449,3.1573,0,0,0.0964488,-0.237396,3.6429,8.26082
9410,0.184324,3.1573,0,0,0.0922914,-0.263404,3.64563,8.27411
9420,0.175104,3.1573,0,0,0.0892636,-0.278468,3.64776,8.25757
9430,0.199098,3.1573,0,0,0.0871326,-0.285475,3.64921,8.22036
9440,0.170415,3.1573,0,0,0.0847253,-0.295428,3.65019,8.18827
9450,0.139313,3.1573,0,0,0.0835847,-0.294457,3.65045,8.13178
9460,0.133756,3.1573,0,0,0.0835847,-0.294457,3.65045,8.13178
9470,0.132489,3.1573,0,0,0.083788,-0.282583,3.6499,8.05383
9480,0.114947,3.1573,0,0,0.0847654,-0.265526,3.64864,7.96946
9490,0.119466,3.1573,0,0,0.0872638,-0.23689,3.64656,7.86668
9500,0.118602,3.1573,0,0,0.0872638,-0.23689,3.64656,7.86668
9510,0.0841701,3.1573,0,0,0.0909123,-0.200592,3.64373,7.75672
9520,0.125032,3.1573,0,0,0.0966355,-0.14871,3.64001,7.62458
9530,0.233468,3.1573,0,0,0.103621,-0.0892455,3.63557,7.49086
9540,0.212293,3.1573,0,0,0.107394,-0.0622121,3.63153,7.4425
9550,0.272756,3.1573,0,0,0.112718,-0.0229485,3.62738,7.37737
9560,0.263964,3.17301,0,1.5708,0.116766,0.000788838,3.62614,7.37689
9570,0.326812,3.17301,0.0274156,1.5708,0.116766,0.000788838,3.62614,7.37689
9580,0.300033,3.17301,0,0,0.118978,0.00825518,3.62537,7.41163
9590,0.358558,3.18872,0.0274156,1.5708,0.119911,0.00285504,3.62776,7.4945
9600,0.276227,3.1573,-0.0548312,-3.14159,0.117781,-0.0233063,3.62605,7.57131
9610,0.21708,3.17301,0.0274156,1.5708,0.113895,-0.0662538,3.62839,7.70743
9620,0.284707,3.17301,0.0274156,0,0.113832,-0.0710798,3.63036,7.74667
9630,0.442653,3.17301,0,0,0.113832,-0.0710798,3.63036,7.74667
9640,0.364766,3.17301,0,0,0.112236,-0.0885988,3.6327,7.80878
9650,0.268859,3.17301,0,0,0.109442,-0.115125,3.63545,7.88324
9660,0.254559,3.17301,0,0,0.108818,-0.120264,3.63786,7.90343
9670,0.310807,3.17301,0,0,0.106686,-0.138208,3.64041,7.94682
9680,0.317184,3.17301,0,0,0.106686,-0.138208,3.64041,7.94682
9690,0.221361,3.17301,0,0,0.10218,-0.175957,3.64345,8.02594
9700,0.139036,3.17301,0,0,0.0958456,-0.227569,3.64703,8.1241
9710,0.155595,3.17301,0,0,0.093798,-0.237978,3.6498,8.12123
9720,0.192149,3.17301,0,0,0.0922005,-0.244094,3.65202,8.10494
9730,0.190063,3.17301,0,0,0.0922005,-0.244094,3.65202,8.10494
9740,0.132552,3.17301,0,0,0.0889196,-0.265259,3.65416,8.11801
9750,0.0590809,3.17301,0,0,0.0866019,-0.277064,3.65582,8.10585
9760,0.0521349,3.17301,0,0,0.0865485,-0.268625,3.6566,8.04779
9770,0.106769,3.17301,0,0,0.0890381,-0.238763,3.65622,7.9461
9780,0.136514,3.17301,0,0,0.0913352,-0.213116,3.65517,7.86062
9790,0.129385,3.17301,0,0,0.0913352,-0.213116,3.65517,7.86062
9800,0.115345,3.17301,0,0,0.0940265,-0.186093,3.65353,7.77921
9810,0.106165,3.17301,0,0,0.097793,-0.151609,3.65127,7.68959
9820,0.115339,3.17301,0,0,0.102061,-0.115091,3.64856,7.60512
9830,0.190054,3.17301,0,0,0.10756,-0.0700126,3.64535,7.51248
9840,0.267894,3.17301,0,0,0.10756,-0.0700126,3.64535,7.51248
9850,0.296101,3.17301,0,0,0.112662,-0.0312057,3.64202,7.44508
9860,0.470733,3.17301,0,0,0.11459,-0.0227794,3.63943,7.45284
9870,0.309563,3.17301,0,0,0.110814,-0.0651916,3.6386,7.57257
9880,0.246156,3.17301,0,0,0.106335,-0.11074,3.63894,7.6911
9890,0.235884,3.17301,0,0,0.106335,-0.11074,3.63894,7.6911
9900,0.286924,3.17301,0,0,0.103643,-0.137193,3.6397,7.75938
9910,0.344624,3.17301,0,0,0.101806,-0.154176,3.64066,7.80132
9920,0.253438,3.17301,0,0,0.0990501,-0.178157,3.64199,7.85372
9930,0.246037,3.17301,0,0,0.0962371,-0.201111,3.64352,7.89791
9940,0.345325,3.17301,0,0,0.0929525,-0.226902,3.64525,7.9423
9950,0.309129,3.17301,0,0,0.0929525,-0.226902,3.64525,7.9423
9960,0.312183,3.17301,0,0,0.0856996,-0.286574,3.64794,8.0525
9970,0.201906,3.17301,0,0,0.0760525,-0.364157,3.65156,8.18736
9980,0.156699,3.17301,0,0,0.0645508,-0.454,3.65603,8.33099
9990,0.0981479,3.17301,0,0,0.0526731,-0.542493,3.66091,8.45167
10000,0.11557,3.17301,0,0,0.0420676,-0.615421,3.66559,8.51962
10010,0.0148412,3.17301,0,0,0.0302769,-0.695959,3.67027,8.58794
10020,-0.0239418,3.17301,0,0,0.0302769,-0.695959,3.67027,8.58794
10030,-0.108879,3.17301,0,0,0.0190056,-0.768808,3.67453,8.62338
10040,-0.189921,3.17301,0,0,0.00702121,-0.84569,3.67847,8.65319
10050,-0.257603,3.17301,0,0,-0.000674886,-0.882146,3.68094,8.58281
10060,-0.309478,3.17301,0,0,-0.00922007,-0.581637,3.67274,6.13871
10070,-0.317787,3.17301,0,0,-0.00922007,-0.581637,3.67274,6.13871
10080,-0.287783,3.17301,0,0,-0.0117807,-0.281389,3.64502,3.82565
10090,-0.249722,3.17301,0,0,-0.00914111,0.0135396,3.60187,1.67241
10100,-0.16052,3.17301,0,0,-0.00179359,0.30145,3.54695,-0.305737
10110,-0.0684748,3.17301,0,0,0.00986106,0.581892,3.48347,-2.10119
10120,0.0331909,3.17301,0,0,0.00986106,0.581892,3.48347,-2.10119
10130,0.147828,3.17301,0,0,0.0205226,0.811094,3.41537,-3.61824
10140,0.227884,3.17301,0,0,0.0343624,0.701743,3.35398,-2.67249
10150,0.186979,3.17301,0,0,0.0449408,0.567336,3.31016,-1.57901
10160,0.475245,3.17301,0,0,0.0580944,0.478071,3.28079,-0.584926
10170,0.590855,3.17301,0,0,0.0625041,0.330881,3.26562,0.520856
10180,0.652649,3.17301,0,0,0.0625041,0.330881,3.26562,0.520856
10190,0.64236,3.17301,0,0,0.0539025,0.0915429,3.26435,1.78432
10200,0.507915,3.17301,0,0,0.0312168,-0.244223,3.2763,3.18288
10210,0.196633,3.17301,0,0,4.44092e-05,-0.62172,3.29918,4.56953
10220,0.027266,3.17301,0,0,-0.0325518,-0.977124,3.3296,5.79137
10230,-0.024578,3.17301,0,0,-0.0596373,-1.25207,3.36359,6.72354
10240,-0.000961538,3.17301,0,0,-0.0596373,-1.25207,3.36359,6.72354
10250,-0.146666,3.17301,0,0,-0.0837273,-1.47594,3.399,7.44358
10260,-0.205273,3.17301,0,0,-0.109593,-1.69618,3.43506,8.06398
10270,-0.310017,3.18872,0.0274156,1.5708,-0.131786,-1.86836,3.47213,8.514
10280,-0.357885,3.18872,0,0,-0.152895,-1.67197,3.49683,6.4456
10290,-0.399369,3.18872,0,0,-0.16876,-1.47202,3.50026,4.43673
10300,-0.404789,3.18872,0,0,-0.16876,-1.47202,3.50026,4.43673
10310,-0.349856,3.18872,0,0,-0.178449,-1.25976,3.48577,2.49197
10320,-0.292875,3.18872,0,0,-0.182423,-1.0389,3.45664,0.639295
10330,-0.224003,3.18872,0,0,-0.184056,-0.838292,3.41654,-1.04536
10340,-0.122791,3.18872,0,0,-0.184186,-0.662127,3.36857,-2.54847
10350,0.000930232,3.18872,0,0,-0.186952,-0.543529,3.31627,-3.7995
10360,0.080471,3.18872,0,0,-0.186952,-0.543529,3.31627,-3.7995
10370,0.153638,3.18872,0,0,-0.193272,-0.524764,3.26356,-4.52751
10380,0.171709,3.18872,0,0,-0.20124,-0.842011,3.22168,-2.9894
10390,0.156715,3.18872,0,0,-0.213443,-1.16233,3.19877,-1.4859
10400,0.104697,3.18872,0,0,-0.228829,-1.47638,3.19154,-0.0582116
10410,-0.0114806,3.18872,0,0,-0.228829,-1.47638,3.19154,-0.0582116
10420,-0.0937316,3.18872,0,0,-0.246676,-1.77882,3.19691,1.2673
10430,-0.173612,3.18872,0,0,-0.264375,-2.04824,3.21167,2.43518
10440,-0.290356,3.18872,0,0,-0.279791,-2.26901,3.23273,3.41037
10450,-0.367462,3.18872,0,0,-0.29433,-2.16321,3.2496,2.19423
10460,-0.419177,3.18872,0,0,-0.29433,-2.16321,3.2496,2.19423
10470,-0.472871,3.18872,0,0,-0.303467,-1.98435,3.25163,0.617778
10480,-0.47911,3.18872,0,0,-0.305114,-1.77283,3.23915,-0.954623
10490,-0.47759,3.18872,0,0,-0.299878,-1.53513,3.21449,-2.48875
10500,-0.40978,3.17301,-0.0274156,-1.5708,-0.286775,-1.26054,3.17711,-4.01221
10510,-0.353692,3.17301,-0.0274156,0,-0.268957,-0.980673,3.13239,-5.41559
10520,-0.236004,3.17301,0,0,-0.268957,-0.980673,3.13239,-5.41559
10530,-0.111603,3.17301,0,0,-0.247698,-0.704378,3.08249,-6.6787
10540,-0.0421895,3.17301,0,0,-0.227313,-0.467451,3.0303,-7.7248
10550,0.0554217,3.17301,0,0,-0.212237,-0.304492,2.97884,-8.48952
10560,0.159967,3.17301,0,0,-0.201214,-0.293086,2.93262,-8.36887
10570,0.0627448,3.17301,0,0,-0.195377,-0.576792,2.90241,-6.37556
10580,0.0939411,3.17301,0,0,-0.195377,-0.576792,2.90241,-6.37556
10590,-0.0193026,3.17301,0,0,-0.191776,-0.837396,2.8928,-4.49959
10600,-0.0413329,3.17301,0,0,-0.193414,-1.10366,2.90055,-2.69719
10610,-0.167387,3.17301,0,0,-0.195347,-1.33236,2.92141,-1.0786
10620,-0.231372,3.17301,0,0,-0.194983,-1.50428,2.95144,0.310553
10630,-0.315572,3.17301,0,0,-0.194983,-1.50428,2.95144,0.310553
10640,-0.367272,3.17301,0,0,-0.192012,-1.43302,2.98209,0.17299
10650,-0.420083,3.17301,0,0,-0.185464,-1.17698,3.00203,-1.12956
10660,-0.394791,3.17301,0,0,-0.172598,-0.894447,3.0075,-2.43775
10670,-0.376895,3.17301,0,0,-0.153756,-0.589515,3.00071,-3.72288
10680,-0.326145,3.17301,0,0,-0.130478,-0.276272,2.98401,-4.93901
10690,-0.265976,3.17301,0,0,-0.130478,-0.276272,2.98401,-4.93901
10700,-0.216105,3.17301,0,0,-0.104156,0.0337602,2.95976,-6.05158
10710,-0.150475,3.17301,0,0,-0.0778836,0.314864,2.93058,-7.0011
10720,-0.0951318,3.17301,0,0,-0.0527876,0.560562,2.89874,-7.77699
10730,-0.0559262,3.17301,0,0,-0.0310154,0.75569,2.86646,-8.35392
10740,-0.0299497,3.17301,0,0,-0.0310154,0.75569,2.86646,-8.35392
10750,-0.0193732,3.17301,0,0,-0.0118612,0.841826,2.83713,-8.28687
10760,0.00337457,3.17301,0,0,0.00732533,0.651236,2.82065,-6.27095
10770,0.00352525,3.17301,0,0,0.0247213,0.486846,2.82304,-4.3858
10780,-0.0447462,3.17301,0,0,0.0247213,0.486846,2.82304,-4.3858
10790,-0.0789536,3.17301,0,0,0.0403858,0.346746,2.84053,-2.64188
10800,-0.12643,3.17301,0,0,0.0551987,0.236061,2.86961,-1.06011
10810,-0.184628,3.17301,0,0,0.0694485,0.154028,2.90727,0.356707
10820,-0.232916,3.17301,0,0,0.0835488,0.16806,2.94895,1.14245
10830,-0.28584,3.17301,0,0,0.0951081,0.453568,2.98366,-0.0562809
10840,-0.325262,3.17301,0,0,0.0951081,0.453568,2.98366,-0.0562809
10850,-0.388216,3.17301,0,0,0.107868,0.721987,3.00384,-1.18544
10860,-0.411259,3.17301,0,0,0.122707,0.982387,3.01193,-2.25164
10870,-0.439652,3.17301,0,0,0.141039,1.24834,3.00988,-3.27278
10880,-0.48135,3.17301,0,0,0.163128,1.52264,2.99947,-4.24397
10890,-0.489734,3.17301,0,0,0.163128,1.52264,2.99947,-4.24397
10900,-0.491645,3.17301,0,0,0.189085,1.80685,2.98232,-5.15984
10910,-0.468814,3.17301,0,0,0.218712,2.09982,2.95993,-6.01094
10920,-0.440167,3.17301,0,0,0.250989,2.3934,2.93384,-6.77516
10930,-0.369299,3.17301,0,0,0.285913,2.68908,2.90531,-7.45444
10940,-0.284632,3.17301,0,0,0.285913,2.68908,2.90531,-7.45444
10950,-0.173416,3.17301,0,0,0.321961,2.9748,2.87573,-8.02307
10960,-0.0539275,3.17301,0,0,0.356566,3.23007,2.84672,-8.44158
10970,0.08357,3.17301,0,0,0.386852,3.43271,2.82003,-8.67176
10980,0.17352,3.17301,0,0,0.408575,3.54969,2.79772,-8.65831
10990,0.269167,3.17301,0,0,0.423721,3.26017,2.79036,-6.08945
11000,0.277047,3.17301,0,0,0.423721,3.26017,2.79036,-6.08945
11010,0.252554,3.17301,0,0,0.428048,2.92941,2.80692,-3.54862
11020,0.205361,3.17301,0,0,0.4227,2.56862,2.84335,-1.091
11030,0.110453,3.17301,0,0,0.410611,2.20353,2.89535,1.20515
11040,-0.00907416,3.17301,0,0,0.394411,1.85501,2.95873,3.28268
11050,0.638401,3.17301,0,0,0.367917,1.46393,3.03148,5.26411
11060,-0.411359,3.17301,0,0,0.367917,1.46393,3.03148,5.26411
11070,2.65835,3.18872,0.0274156,1.5708,0.457649,2.15293,3.08508,4.7674
11080,-0.126743,3.17301,-0.0274156,-1.5708,0.451735,1.97268,3.14733,6.12656
11090,2.37066,3.1573,-0.0274156,-1.5708,0.483533,2.1613,3.20039,6.54245
11100,0.246278,3.1573,-0.0274156,0,0.474864,1.9955,3.25892,7.6602
11110,-0.416065,3.17301,0,1.5708,0.484647,2.30755,3.30776,6.27115
11120,0.313525,3.17301,0.0274156,1.5708,0.484647,2.30755,3.30776,6.27115
11130,1.26584,3.17301,0,0,0.513093,2.46592,3.34262,6.6162
11140,1.36606,3.1573,-0.0274156,-1.5708,0.517428,2.76172,3.36874,4.96121
11150,0.583636,3.12588,-0.0274156,-3.14162,0.517347,2.63981,3.38426,5.87246
11160,0.11382,3.14159,-0.0548316,1.57082,0.517689,2.53913,3.40746,6.70187
11170,0.233214,3.14159,0.027416,1.57082,0.517689,2.53913,3.40746,6.70187
11180,1.15882,3.14159,0,0,0.528371,2.54979,3.43134,7.22351
11190,0.577833,3.14159,0,0,0.522806,2.42664,3.45975,7.98524
11200,0.141027,3.14159,0,0,0.527584,2.41364,3.48766,8.43913
11210,0.449872,3.14159,0,0,0.541577,2.49266,3.5131,8.64725
11220,0.865989,3.14159,0,0,0.541577,2.49266,3.5131,8.64725
11230,0.426165,3.14159,0,0,0.548579,2.51292,3.53831,8.9524
11240,0.32083,3.12588,-0.027416,-1.57082,0.555437,2.54044,3.55996,9.1839
11250,0.416912,3.09447,-0.0548307,-3.14157,0.568015,2.62715,3.57435,9.22206
11260,0.622282,3.07876,-0.0548307,-1.5708,0.58047,2.71325,3.58508,9.2397
11270,0.585592,3.06305,-0.0274156,-1.5708,0.591416,2.7864,3.59263,9.26459
11280,0.650376,3.06305,-0.0274156,-1.5708,0.591416,2.7864,3.59263,9.26459
11290,0.634128,3.06305,0,0,0.598628,2.82501,3.60049,9.36503
11300,0.681749,3.06305,0,0,0.603742,2.84632,3.60859,9.49382
11310,0.719097,3.06305,0,0,0.609799,2.87824,3.61641,9.58865
11320,0.844317,3.06305,0,0,0.615927,2.91216,3.62394,9.67066
11330,0.834539,3.06305,0,0,0.617145,2.90348,3.63224,9.83554
11340,0.866924,3.06305,0,0,0.617145,2.90348,3.63224,9.83554
11350,0.995396,3.06305,0,0,0.617732,2.89271,3.64083,9.98889
11360,0.995297,3.06305,0,0,0.619528,2.89608,3.64914,10.0958
11370,0.850855,3.06305,0,0,0.61684,2.86172,3.65817,10.2706
11380,0.896661,3.06305,0,0,0.617126,2.85806,3.66658,10.3601
11390,0.940648,3.06305,0,0,0.617126,2.85806,3.66658,10.3601
11400,0.927886,3.06305,0,0,0.617006,2.85274,3.67461,10.4404
11410,0.920559,3.06305,0,0,0.614441,2.82752,3.6827,10.5509
11420,0.975566,3.04734,-0.0274156,-1.5708,0.609861,2.78921,3.68847,10.6536
11430,1.03945,3.04734,-0.0274156,0,0.601522,2.71971,3.69522,10.8123
11440,1.05388,3.04734,0,0,0.601522,2.71971,3.69522,10.8123
11450,1.0815,3.04734,0,0,0.588558,2.61358,3.70322,11.0286
11460,1.06174,3.04734,0,0,0.572528,2.48654,3.71233,11.2617
11470,1.08943,3.04734,0,0,0.555577,2.35846,3.72199,11.4651
11480,1.05303,3.04734,0,0,0.536448,2.21763,3.73216,11.664
11490,0.99446,3.04734,0,0,0.517009,2.08085,3.74228,11.8209
11500,0.969177,3.04734,0,0,0.517009,2.08085,3.74228,11.8209
11510,0.971434,3.04734,0,0,0.498082,1.95457,3.75184,11.9241
11520,0.958111,3.04734,0,0,0.478563,1.82771,3.76074,12.0008
11530,0.910514,3.04734,0,0,0.460321,1.7164,3.76845,12.0183
11540,0.912873,3.04734,0,0,0.44253,1.61179,3.77486,12.0008
11550,0.93857,3.04734,0,0,0.44253,1.61179,3.77486,12.0008
11560,0.91263,3.04734,0,0,0.425105,1.51231,3.77992,11.955
11570,0.925929,3.04734,0,0,0.407882,1.41582,3.78363,11.8886
11580,0.924958,3.04734,0,0,0.392304,1.33464,3.78571,11.7781
11590,0.92164,3.04734,0,0,0.377162,1.25682,3.78634,11.654
11600,0.881561,3.04734,0,0,0.362279,1.18043,3.78565,11.5229
11610,0.905218,3.04734,0,0,0.362279,1.18043,3.78565,11.5229
11620,0.89668,3.04734,0,0,0.348801,1.11545,3.78354,11.3656
11630,0.887515,3.04734,0,0,0.336049,1.05508,3.78016,11.2003
11640,0.865426,3.04734,0,0,0.324334,1.00179,3.77558,11.024
11650,0.846782,3.04734,0,0,0.314355,0.961409,3.76973,10.8267
11660,0.857483,3.04734,0,0,0.305398,0.926898,3.76282,10.6272
11670,0.851676,3.04734,0,0,0.305398,0.926898,3.76282,10.6272
11680,0.882189,3.04734,0,0,0.297669,0.899891,3.75495,10.4238
11690,0.911486,3.03164,-0.0274156,-1.5708,0.290246,0.873967,3.74398,10.2119
11700,0.916816,3.03164,-0.0274156,0,0.283329,0.847981,3.7329,10.0219
11710,0.951769,3.03164,0,0,0.276992,0.823553,3.7217,9.84593
11720,0.976814,3.03164,0,0,0.276992,0.823553,3.7217,9.84593
11730,0.987654,3.03164,0,0,0.270279,0.792397,3.71075,9.70155
11740,0.982277,3.03164,0,0,0.262696,0.750883,3.70035,9.59424
11750,0.962692,3.03164,0,0,0.255284,0.709184,3.69048,9.49928
11760,0.955673,3.03164,0,0,0.248359,0.670388,3.68109,9.40896
11770,0.929641,3.03164,0,0,0.248359,0.670388,3.68109,9.40896
11780,0.922512,3.03164,0,0,0.240891,0.625368,3.67237,9.34228
11790,0.884712,3.03164,0,0,0.23355,0.580687,3.66427,9.2829
11800,0.882237,3.03164,0,0,0.227194,0.544139,3.65656,9.21326
11810,0.89463,3.03164,0,0,0.221826,0.515409,3.6491,9.1348
11820,0.873299,3.03164,0,0,0.21765,0.495991,3.64177,9.04518
11830,0.892134,3.03164,0,0,0.214374,0.482897,3.63454,8.952
11840,0.900139,3.03164,0,0,0.214374,0.482897,3.63454,8.952
11850,0.910104,3.03164,0,0,0.211179,0.468654,3.62756,8.87187
11860,0.93926,3.03164,0,0,0.208858,0.460605,3.62072,8.7882
11870,0.955333,3.03164,0,0,0.20715,0.45623,3.61404,8.70703
11880,0.940795,3.03164,0,0,0.205257,0.448414,3.60771,8.64362
11890,0.936254,3.03164,0,0,0.203253,0.438247,3.6018,8.59421
11900,0.955809,3.03164,0,0,0.203253,0.438247,3.6018,8.59421
11910,0.949974,3.03164,0,0,0.201187,0.426497,3.59634,8.55587
11920,0.938469,3.03164,0,0,0.199295,0.4155,3.59131,8.52261
11930,0.950547,3.03164,0,0,0.197067,0.400828,3.58681,8.5032
11940,0.954128,3.03164,0,0,0.197067,0.400828,3.58681,8.5032
11950,0.943549,3.03164,0,0,0.194731,0.384876,3.5828,8.49102
11960,0.944415,3.03164,0,0,0.192991,0.374082,3.57911,8.47139
11970,0.921216,3.03164,0,0,0.191662,0.366571,3.57568,8.44874
11980,0.860445,3.03164,0,0,0.191336,0.367493,3.57234,8.4122
11990,0.844154,3.03164,0,0,0.191336,0.367493,3.57234,8.4122
12000,0.686782,3.03164,0,0,0.193545,0.390068,3.56861,8.33495
12010,0.905293,3.03164,0,0,0.198819,0.437792,3.56414,8.21366
12020,0.888255,3.03164,0,0,0.201244,0.456684,3.56008,8.16853
12030,0.955235,3.03164,0,0,0.2035,0.47264,3.55632,8.13804
12040,1.08073,3.03164,0,0,0.20788,0.506383,3.55242,8.07694
12050,1.07927,3.03164,0,0,0.208644,0.505917,3.54948,8.0992
12060,1.01843,3.03164,0,0,0.208644,0.505917,3.54948,8.0992
12070,1.03262,3.03164,0,0,0.209193,0.503789,3.54721,8.12768
12080,1.07236,3.03164,0,0,0.208908,0.494687,3.54569,8.1725
12090,1.02332,3.03164,0,0,0.206433,0.467005,3.54525,8.25619
12100,1.02198,3.03164,0,0,0.206433,0.467005,3.54525,8.25619
12110,1.03791,3.03164,0,0,0.204162,0.443199,3.54546,8.32625
12120,1.03238,3.03164,0,0,0.20183,0.420597,3.54618,8.38856
12130,1.02638,3.03164,0,0,0.199518,0.399767,3.54726,8.44169
12140,1.0124,3.03164,0,0,0.197658,0.384354,3.54848,8.47799
12150,0.972528,3.03164,0,0,0.197658,0.384354,3.54848,8.47799
12160,0.942815,3.03164,0,0,0.195635,0.368468,3.54982,8.51101
12170,0.970255,3.03164,0,0,0.194184,0.358616,3.55108,8.52676
12180,0.976086,3.03164,0,0,0.192677,0.348741,3.55229,8.53957
12190,0.990452,3.03164,0,0,0.191114,0.338805,3.55342,8.54967
12200,0.999982,3.03164,0,0,0.190023,0.333434,3.55435,8.54743
12210,1.02041,3.03164,0,0,0.190023,0.333434,3.55435,8.54743
12220,1.01547,3.03164,0,0,0.189183,0.330349,3.55506,8.53887
12230,1.00241,3.03164,0,0,0.18815,0.325407,3.55564,8.53355
12240,1.01405,3.03164,0,0,0.186619,0.316017,3.5562,8.5368
12250,1.01292,3.03164,0,0,0.184964,0.305739,3.55672,8.5403
12260,1.00086,3.03164,0,0,0.184964,0.305739,3.55672,8.5403
12270,1.02422,3.03164,0,0,0.183387,0.296404,3.55716,8.54009
12280,1.01199,3.03164,0,0,0.181397,0.28355,3.55761,8.546
12290,1.00172,3.03164,0,0,0.17947,0.271598,3.55801,8.548
12300,0.9994,3.03164,0,0,0.177748,0.26172,3.5583,8.5439
12310,0.995417,3.03164,0,0,0.177748,0.26172,3.5583,8.5439
12320,0.98643,3.03164,0,0,0.176186,0.253364,3.55846,8.53543
12330,0.983353,3.03164,0,0,0.174812,0.246643,3.55848,8.52283
12340,0.984468,3.03164,0,0,0.173954,0.244389,3.55826,8.50052
12350,1.01303,3.03164,0,0,0.173954,0.244389,3.55826,8.50052
12360,1.03578,3.03164,0,0,0.172986,0.240733,3.55791,8.48214
12370,1.0478,3.03164,0,0,0.17126,0.230001,3.55764,8.47964
12380,1.05106,3.03164,0,0,0.169125,0.215767,3.55746,8.48397
12390,1.05317,3.03164,0,0,0.167061,0.202494,3.5573,8.48493
12400,1.02871,3.03164,0,0,0.167061,0.202494,3.5573,8.48493
12410,0.987456,3.03164,0,0,0.164603,0.185954,3.55724,8.49172
12420,0.985288,3.03164,0,0,0.162237,0.170662,3.55719,8.494
12430,0.9856,3.03164,0,0,0.159731,0.154439,3.55717,8.49671
12440,0.97412,3.03164,0,0,0.157539,0.141363,3.55707,8.49101
12450,0.98224,3.03164,0,0,0.155796,0.132404,3.55682,8.47556
12460,0.995258,3.03164,0,0,0.155796,0.132404,3.55682,8.47556
12470,1.00248,3.03164,0,0,0.154564,0.127847,3.55634,8.45075
12480,1.01519,3.03164,0,0,0.153616,0.125382,3.55566,8.42255
12490,1.00992,3.03164,0,0,0.15233,0.119369,3.55493,8.40356
12500,1.01396,3.03164,0,0,0.151385,0.116109,3.55406,8.37972
12510,1.02561,3.03164,0,0,0.151385,0.116109,3.55406,8.37972
12520,1.0126,3.03164,0,0,0.150016,0.108627,3.55321,8.36651
12530,1.01731,3.03164,0,0,0.147963,0.0949094,3.55253,8.36732
12540,1.03071,3.03164,0,0,0.146173,0.0837646,3.55186,8.36206
12550,1.01073,3.03164,0,0,0.144278,0.0717743,3.55125,8.35848
12560,0.993758,3.03164,0,0,0.142425,0.060274,3.55067,8.3535
12570,0.97861,3.03164,0,0,0.142425,0.060274,3.55067,8.3535
12580,0.976086,3.03164,0,0,0.140607,0.0491803,3.55011,8.34736
12590,0.973653,3.03164,0,0,0.139127,0.0411673,3.54948,8.33442
12600,0.97302,3.03164,0,0,0.138121,0.0372402,3.54871,8.31319
12610,0.987473,3.03164,0,0,0.137361,0.0351267,3.54782,8.28939
12620,0.983899,3.03164,0,0,0.136974,0.0358701,3.54678,8.26126
12630,0.973981,3.03164,0,0,0.136974,0.0358701,3.54678,8.26126
12640,0.979742,3.03164,0,0,0.136778,0.0377133,3.54562,8.23315
12650,0.978099,3.03164,0,0,0.136521,0.0383905,3.54441,8.21014
12660,0.99091,3.03164,0,0,0.136894,0.0441596,3.54306,8.17866
12670,0.983598,3.03164,0,0,0.136795,0.0449411,3.54176,8.1612
12680,0.987207,3.03164,0,0,0.136707,0.0454202,3.54052,8.14666
12690,0.979235,3.03164,0,0,0.136707,0.0454202,3.54052,8.14666
12700,1.0178,3.03164,0,0,0.137229,0.0509864,3.53919,8.12337
12710,0.974365,3.03164,0,0,0.13751,0.0537844,3.53794,8.109
12720,0.983907,3.03164,0,0,0.137773,0.0560356,3.53677,8.09809
12730,0.973091,3.03164,0,0,0.138209,0.0595202,3.53564,8.08662
12740,0.981961,3.03164,0,0,0.138209,0.0595202,3.53564,8.08662
12750,0.97665,3.03164,0,0,0.138779,0.0638545,3.53456,8.07548
12760,0.983067,3.03164,0,0,0.139501,0.069198,3.53353,8.06434
12770,0.996977,3.03164,0,0,0.140182,0.0738027,3.53257,8.05699
12780,1.00645,3.03164,0,0,0.140612,0.0758956,3.53176,8.0569
12790,1.01851,3.03164,0,0,0.141025,0.0777523,3.53108,8.05853
12800,1.02645,3.03164,0,0,0.141025,0.0777523,3.53108,8.05853
12810,1.02471,3.03164,0,0,0.14105,0.0761028,3.53061,8.06861
12820,1.03835,3.03164,0,0,0.140504,0.0695766,3.53041,8.08912
12830,1.04771,3.03164,0,0,0.139325,0.0579139,3.53055,8.11941
12840,1.08563,3.03164,0,0,0.136235,0.0300481,3.53132,8.18175
12850,1.11354,3.03164,0,0,0.130784,-0.0170682,3.53298,8.27903
12860,1.09856,3.03164,0,0,0.123011,-0.0820225,3.53562,8.4039
12870,1.13282,3.03164,0,0,0.123011,-0.0820225,3.53562,8.4039
12880,1.0786,3.01593,-0.0274152,-1.57077,0.114471,-0.148017,3.53647,8.49627
12890,1.03683,3.03164,0.0274152,1.57077,0.104209,-0.228873,3.54087,8.63269
12900,0.974166,3.03164,0,0,0.0929869,-0.3134,3.54562,8.75484
12910,0.970919,3.03164,0,0,0.0820255,-0.391466,3.55044,8.84437
12920,0.929904,3.03164,0,0,0.0709925,-0.466755,3.55515,8.91082
12930,0.95895,3.03164,0,0,0.0709925,-0.466755,3.55515,8.91082
12940,0.969075,3.03164,0,0,0.0602561,-0.536492,3.5595,8.94955
12950,1.00305,3.03164,0,0,0.048456,-0.613428,3.56363,8.98975
12960,1.04396,3.03164,0,0,0.0351263,-0.701545,3.56767,9.03935
12970,1.06558,3.04734,0,1.5708,0.0200477,-0.804438,3.57423,9.12486
12980,1.04021,3.04734,0.0274156,1.5708,0.0200477,-0.804438,3.57423,9.12486
12990,1.02233,3.04734,0,0,0.00278821,-0.922284,3.58063,9.21731
13000,0.998255,3.04734,0,0,-0.0163811,-1.05275,3.58706,9.3134
